pairs_per_user,signal_scale,seed,train_acc,test_acc,subspace_align,best_axis_match,min_abs_basis_cos,w_recovery,group_dir_match,personal,global,other_group,global_dir_norm,median_real_diff_norm
15,0.0,0,0.9983333334326744,0.5328749999403953,8.946179150370881e-05,6.205681711435318e-05,0.012822622433304787,0.35,0.5249999761581421,0.535875,0.58025,0.5313749999999999,2.2008233070373535,22.03227424621582
15,0.0,1,1.0,0.5479999981820584,0.00022070443083066493,0.00015216856263577938,0.001506272703409195,0.275,0.625,0.5454375,0.5595625,0.5465625000000001,3.4396708011627197,22.03227424621582
15,0.0,2,0.9983333334326744,0.5417499996721744,0.015708984807133675,0.011238319799304008,0.4944373369216919,0.4,0.6499999761581421,0.5464375,0.5736874999999999,0.5479375,3.543398141860962,22.03227424621582
15,0.0,3,1.0,0.5424999937415123,0.00014947725867386907,0.00011352449655532837,0.011104444973170757,0.325,0.5,0.54125,0.583375,0.546,2.5091960430145264,22.03227424621582
15,0.0,4,0.9983333334326744,0.5307499974966049,4.325721602072008e-05,3.208429552614689e-05,0.047358233481645584,0.375,0.5,0.540875,0.567375,0.5221250000000001,2.412309169769287,22.03227424621582
50,0.0,0,0.997000002861023,0.5606250017881393,0.0004569757729768753,0.0004259534180164337,0.028255952522158623,0.3,0.44999998807907104,0.57175,0.58375,0.5765,2.7892041206359863,22.03227424621582
50,0.0,1,0.996000000834465,0.5599999994039535,0.0024203830398619175,0.001770244212821126,0.18035224080085754,0.425,0.4000000059604645,0.5669375,0.5714375,0.5748125,2.5919485092163086,22.03227424621582
50,0.0,2,0.9955000042915344,0.5521249964833259,0.015010646544396877,0.0145200090482831,0.09284883737564087,0.4,0.5,0.5606249999999999,0.572375,0.562125,2.851402759552002,22.03227424621582
50,0.0,3,0.9990000009536744,0.5456250004470349,0.00015002897998783737,0.00012780143879354,0.021481508389115334,0.325,0.5,0.5522500000000001,0.5726249999999999,0.554125,2.570793390274048,22.03227424621582
50,0.0,4,0.9990000009536744,0.5534999996423722,0.005469536408782005,0.005264856852591038,0.08692840486764908,0.325,0.5,0.5564375,0.5740624999999999,0.5469375,2.601351261138916,22.03227424621582
100,0.0,0,0.9815000101923943,0.5692500002682209,7.9749857832212e-05,5.271192640066147e-05,0.137154221534729,0.4,0.44999998807907104,0.56975,0.5694999999999999,0.571,2.626617431640625,22.03227424621582
100,0.0,1,0.9850000113248825,0.5662500008940696,0.00011338391777826473,9.203387890011072e-05,0.08311385661363602,0.375,0.5,0.564125,0.57075,0.564875,2.8052728176116943,22.03227424621582
100,0.0,2,0.9847500085830688,0.5686249956488609,9.18681180337444e-05,7.800041930750012e-05,0.06422952562570572,0.4,0.5249999761581421,0.567375,0.5743750000000001,0.5605,2.3178985118865967,22.03227424621582
100,0.0,3,0.9875000104308128,0.5602499976754188,9.427429176867008e-05,7.822539191693068e-05,0.0563698373734951,0.4,0.6000000238418579,0.5646875,0.5711875,0.5625625,2.7368032932281494,22.03227424621582
100,0.0,4,0.987500011920929,0.5444999970495701,5.687677548849024e-05,4.037108737975359e-05,0.005927835125476122,0.375,0.375,0.5646875,0.5830624999999999,0.5751875,2.8186445236206055,22.03227424621582
400,0.0,0,0.833874998986721,0.5749999970197678,0.0007416321896016598,0.0006116055883467197,0.13806384801864624,0.325,0.5,0.5744374999999999,0.5768125,0.5749375000000001,2.958418607711792,22.03227424621582
400,0.0,1,0.8301874995231628,0.574374994635582,0.00021100258163642138,0.00015455950051546097,0.13230423629283905,0.4,0.550000011920929,0.5730000000000001,0.56975,0.5707500000000001,2.7970921993255615,22.03227424621582
400,0.0,2,0.8299999967217445,0.576000003516674,0.00011093280772911385,8.704315405339003e-05,0.021678756922483444,0.4,0.5,0.5730000000000001,0.572625,0.5765,2.691044330596924,22.03227424621582
400,0.0,3,0.8303750023245812,0.5793749988079071,0.00019921625789720565,0.0001618294045329094,0.1996801793575287,0.325,0.6000000238418579,0.5696249999999999,0.56675,0.569875,2.8348846435546875,22.03227424621582
400,0.0,4,0.8292500019073487,0.5885000035166741,0.00022323190933093429,0.00019098666962236166,0.1881999522447586,0.4,0.44999998807907104,0.580875,0.5816250000000001,0.5782499999999999,2.830333948135376,22.03227424621582
1000,0.0,0,0.7506750002503395,0.5851249992847443,0.00022118807828519493,0.00015927664935588837,0.2542167603969574,0.275,0.6000000238418579,0.5774999999999999,0.5796250000000001,0.581,2.77864146232605,22.03227424621582
1000,0.0,1,0.7470999985933304,0.5872500032186508,0.0004180939286015928,0.00035246647894382477,0.12704119086265564,0.325,0.5249999761581421,0.5695625,0.5710625,0.5721875,2.7221901416778564,22.03227424621582
1000,0.0,2,0.750125004351139,0.5849999994039535,0.0002699873875826597,0.00018082046881318092,0.06363918632268906,0.375,0.5249999761581421,0.578375,0.57925,0.5785,2.8411688804626465,22.03227424621582
1000,0.0,3,0.7469750002026558,0.602375005185604,0.0003540520556271076,0.0002993348753079772,0.07473406195640564,0.4,0.6000000238418579,0.577,0.5756249999999999,0.574125,2.8217756748199463,22.03227424621582
1000,0.0,4,0.7525999993085861,0.5846249982714653,0.0005160009604878724,0.0003749942407011986,0.07754521071910858,0.4,0.44999998807907104,0.5761875,0.5785625,0.5776875,2.9250288009643555,22.03227424621582
15,0.5,0,1.0,0.8457499951124191,0.7693953514099121,0.5634791851043701,0.008121932856738567,0.375,1.0,0.876625,0.5810000000000001,0.15325,2.2020485401153564,22.03227424621582
15,0.5,1,1.0,0.8002499982714653,0.5110055208206177,0.35680243372917175,0.0005636040586978197,0.35,1.0,0.874,0.5578749999999999,0.16425,3.439866542816162,22.03227424621582
15,0.5,2,1.0,0.8335000015795231,0.7583680748939514,0.48009148240089417,0.07103591412305832,0.35,0.9750000238418579,0.8779999999999999,0.5715,0.153125,3.575408935546875,22.03227424621582
15,0.5,3,1.0,0.8358749985694885,0.6868406534194946,0.5614879131317139,0.0007827455992810428,0.45,1.0,0.8776250000000001,0.5832499999999999,0.16124999999999998,2.509464979171753,22.03227424621582
15,0.5,4,1.0,0.8192500039935112,0.6287217736244202,0.5386606454849243,0.03697071224451065,0.4,0.9750000238418579,0.87675,0.57075,0.15462499999999998,2.413426637649536,22.03227424621582
50,0.5,0,0.996500001847744,0.8646250009536743,0.34483233094215393,0.22058501839637756,0.045783545821905136,0.375,1.0,0.8916250000000001,0.584875,0.131125,2.789987802505493,22.03227424621582
50,0.5,1,0.9955000042915344,0.8645000010728836,0.3497641086578369,0.19619211554527283,0.006550039164721966,0.35,1.0,0.890125,0.568875,0.126875,2.5959019660949707,22.03227424621582
50,0.5,2,0.993500004708767,0.8622499972581863,0.32045263051986694,0.2319103628396988,0.025637157261371613,0.425,1.0,0.892,0.57275,0.1365,2.8519351482391357,22.03227424621582
50,0.5,3,0.9940000057220459,0.8591249987483025,0.3384460508823395,0.24794206023216248,0.0115431547164917,0.35,1.0,0.8887500000000002,0.57025,0.13974999999999999,2.571383476257324,22.03227424621582
50,0.5,4,0.9920000076293946,0.8618750005960465,0.32161515951156616,0.20546972751617432,0.024849295616149902,0.375,1.0,0.888875,0.572125,0.138625,2.605919361114502,22.03227424621582
100,0.5,0,0.9777500107884407,0.8801250025629997,0.2636640965938568,0.1757367104291916,0.0022013220004737377,0.35,1.0,0.89725,0.5765,0.11587499999999999,2.631141424179077,22.03227424621582
100,0.5,1,0.9797500133514404,0.8793749988079071,0.26755547523498535,0.15300105512142181,0.00914782378822565,0.375,1.0,0.8955,0.569625,0.133375,2.805711030960083,22.03227424621582
100,0.5,2,0.9767500102519989,0.8702500030398369,0.25503405928611755,0.16595491766929626,0.027721170336008072,0.4,1.0,0.897625,0.572625,0.13125,2.3335585594177246,22.03227424621582
100,0.5,3,0.9747500091791153,0.8691250026226044,0.24673806130886078,0.16429682075977325,0.00785830244421959,0.35,1.0,0.891,0.572375,0.12774999999999997,2.736891746520996,22.03227424621582
100,0.5,4,0.9787500143051148,0.8727499946951867,0.26888829469680786,0.1460810750722885,0.0076233623549342155,0.425,1.0,0.8945000000000001,0.580125,0.131375,2.819553852081299,22.03227424621582
400,0.5,0,0.9174375101923943,0.8962500005960464,0.2595987915992737,0.1603887975215912,0.016228221356868744,0.35,1.0,0.898375,0.576125,0.12425000000000001,2.9586877822875977,22.03227424621582
400,0.5,1,0.9148125126957893,0.894250001013279,0.2522132992744446,0.15875713527202606,0.012959109619259834,0.35,1.0,0.8975,0.570125,0.12437499999999999,2.7976348400115967,22.03227424621582
400,0.5,2,0.9140625,0.8954999998211861,0.2568207383155823,0.1521911472082138,0.10496994853019714,0.3,1.0,0.899,0.57225,0.12137500000000001,2.6910672187805176,22.03227424621582
400,0.5,3,0.9123125076293945,0.8932499960064888,0.25438666343688965,0.1445511430501938,0.02805912494659424,0.4,1.0,0.8967500000000002,0.5682499999999999,0.12475,2.8352270126342773,22.03227424621582
400,0.5,4,0.9126250073313713,0.8911249980330467,0.24716816842556,0.1365429162979126,0.0543854683637619,0.35,1.0,0.8921250000000001,0.5795,0.130375,2.830442428588867,22.03227424621582
1000,0.5,0,0.9018999963998795,0.902750001847744,0.3304325044155121,0.19059361517429352,0.031089812517166138,0.35,1.0,0.8997499999999998,0.579875,0.122125,2.77874755859375,22.03227424621582
1000,0.5,1,0.903575000166893,0.897249998152256,0.3376578092575073,0.2328519970178604,0.000700919539667666,0.35,1.0,0.8947500000000002,0.571375,0.123,2.722196340560913,22.03227424621582
1000,0.5,2,0.9002750009298325,0.9021250009536743,0.33915528655052185,0.22002743184566498,0.21262866258621216,0.45,1.0,0.898875,0.579375,0.12925,2.8411686420440674,22.03227424621582
1000,0.5,3,0.9025750041007996,0.90174999833107,0.33164888620376587,0.18827785551548004,0.013558589853346348,0.375,1.0,0.898375,0.5738749999999999,0.12050000000000001,2.8220858573913574,22.03227424621582
1000,0.5,4,0.9008999988436699,0.8972499936819076,0.3297426104545593,0.21374386548995972,0.016791634261608124,0.35,1.0,0.8945000000000001,0.57725,0.1315,2.9258134365081787,22.03227424621582
15,1.0,0,1.0,0.8442499980330467,0.5785313248634338,0.49960213899612427,0.011489758267998695,0.35,1.0,0.896125,0.585875,0.10525,2.205719470977783,22.03227424621582
15,1.0,1,1.0,0.7883750006556511,0.24234212934970856,0.2129439115524292,0.03489607572555542,0.375,1.0,0.898,0.560125,0.10287500000000001,3.4404544830322266,22.03227424621582
15,1.0,2,0.9933333337306977,0.8027500003576279,0.43560948967933655,0.4311731159687042,0.0009216084145009518,0.35,0.949999988079071,0.896875,0.567,0.10325,3.6697657108306885,22.03227424621582
15,1.0,3,1.0,0.8372500017285347,0.46460720896720886,0.3997882306575775,0.05436982959508896,0.45,1.0,0.9030000000000001,0.57975,0.099625,2.5102710723876953,22.03227424621582
15,1.0,4,1.0,0.8196250006556511,0.314854234457016,0.3148268461227417,0.08550683408975601,0.375,0.9750000238418579,0.8971250000000002,0.57,0.10625,2.416776657104492,22.03227424621582
50,1.0,0,0.997000002861023,0.8617500022053719,0.18952231109142303,0.11958637088537216,0.06107239052653313,0.35,1.0,0.9002500000000001,0.581375,0.10012499999999999,2.792335033416748,22.03227424621582
50,1.0,1,0.993500004708767,0.8629999965429306,0.15612736344337463,0.0931214839220047,0.031888172030448914,0.425,1.0,0.897625,0.5738749999999999,0.102375,2.6077258586883545,22.03227424621582
50,1.0,2,0.9875000074505806,0.8634999975562095,0.16877605020999908,0.12832698225975037,0.06710830330848694,0.375,1.0,0.8995,0.5751250000000001,0.100625,2.8535304069519043,22.03227424621582
50,1.0,3,0.9940000057220459,0.8570000022649765,0.1763332188129425,0.12634283304214478,0.022626100108027458,0.325,1.0,0.898875,0.570375,0.101625,2.573152780532837,22.03227424621582
50,1.0,4,0.9910000085830688,0.8588750019669533,0.15710404515266418,0.10359179973602295,0.04302893951535225,0.275,1.0,0.8952500000000001,0.572125,0.10475000000000001,2.619574785232544,22.03227424621582
100,1.0,0,0.9755000099539757,0.8782499983906746,0.13471101224422455,0.07151979207992554,0.01098472997546196,0.375,1.0,0.9027499999999999,0.574875,0.09725,2.6446664333343506,22.03227424621582
100,1.0,1,0.9780000135302543,0.8784999966621398,0.13815133273601532,0.0774211511015892,0.005667702294886112,0.4,1.0,0.9004999999999999,0.570375,0.0995,2.8070244789123535,22.03227424621582
100,1.0,2,0.9647500053048134,0.8771249994635582,0.1853303611278534,0.1376493275165558,0.02063380554318428,0.4,1.0,0.9029999999999999,0.5647499999999999,0.097,2.3799216747283936,22.03227424621582
100,1.0,3,0.9757500112056732,0.8675000011920929,0.12841962277889252,0.07926393300294876,0.00837352778762579,0.3,1.0,0.89625,0.570875,0.10375000000000001,2.7371580600738525,22.03227424621582
100,1.0,4,0.9765000134706497,0.8726250007748604,0.1357058584690094,0.09853938966989517,0.004275798331946135,0.4,1.0,0.9004999999999999,0.580125,0.099625,2.8222804069519043,22.03227424621582
400,1.0,0,0.9168125137686729,0.8966250002384186,0.13313081860542297,0.08112052828073502,0.02267834171652794,0.375,1.0,0.9029999999999999,0.575875,0.097,2.95949649810791,22.03227424621582
400,1.0,1,0.9139375120401383,0.8955000013113021,0.1301421821117401,0.08147307485342026,0.004054939839988947,0.325,1.0,0.9012499999999999,0.571375,0.09875,2.7992608547210693,22.03227424621582
400,1.0,2,0.9085624992847443,0.8987499967217445,0.13967514038085938,0.09062416106462479,0.18664862215518951,0.475,1.0,0.9030000000000001,0.57325,0.097,2.6911346912384033,22.03227424621582
400,1.0,3,0.9136250108480454,0.8937499925494194,0.1303025186061859,0.0792698785662651,0.04780163615942001,0.4,1.0,0.9008749999999999,0.569,0.09912499999999999,2.8362538814544678,22.03227424621582
400,1.0,4,0.9109375014901161,0.8929999977350235,0.12557144463062286,0.07113552838563919,0.0021685108076781034,0.475,1.0,0.8978750000000002,0.579125,0.102125,2.830768585205078,22.03227424621582
1000,1.0,0,0.902099996805191,0.9028750017285347,0.17257967591285706,0.11434639990329742,0.08658864349126816,0.325,1.0,0.9033749999999999,0.580875,0.09662499999999999,2.779064655303955,22.03227424621582
1000,1.0,1,0.9036000013351441,0.8977499976754189,0.1794741302728653,0.10854411125183105,0.025177152827382088,0.375,1.0,0.8985000000000001,0.571375,0.1015,2.722212791442871,22.03227424621582
1000,1.0,2,0.8999999985098839,0.9021250009536743,0.19861455261707306,0.12207480520009995,0.23582153022289276,0.525,1.0,0.9033749999999999,0.57925,0.096625,2.8411688804626465,22.03227424621582
1000,1.0,3,0.902649998664856,0.902124997973442,0.17528648674488068,0.09971660375595093,0.032240405678749084,0.35,1.0,0.9026250000000001,0.5737500000000001,0.097375,2.823017120361328,22.03227424621582
1000,1.0,4,0.900975002348423,0.8971249923110008,0.17133204638957977,0.11282739043235779,0.07697571069002151,0.35,1.0,0.898125,0.577375,0.10187500000000001,2.928165912628174,22.03227424621582
15,2.0,0,1.0,0.848999997973442,0.33323684334754944,0.24061203002929688,0.06039629504084587,0.35,1.0,0.8963750000000001,0.572625,0.103625,2.2203426361083984,22.03227424621582
15,2.0,1,1.0,0.8004999995231629,0.10763285309076309,0.07125227898359299,0.0013769876677542925,0.35,0.9750000238418579,0.898,0.560375,0.10200000000000001,3.442805051803589,22.03227424621582
15,2.0,2,0.9983333334326744,0.8197500005364418,0.30068638920783997,0.2948082387447357,0.009246082976460457,0.375,0.949999988079071,0.897125,0.5245,0.10287500000000001,4.025135517120361,22.03227424621582
15,2.0,3,1.0,0.8422499984502793,0.24530936777591705,0.2201622873544693,0.04020550847053528,0.425,1.0,0.903125,0.5790000000000001,0.096875,2.51349139213562,22.03227424621582
15,2.0,4,1.0,0.8213750019669532,0.1391957551240921,0.10322421044111252,0.03467405587434769,0.4,0.9750000238418579,0.8975,0.557625,0.1025,2.4301300048828125,22.03227424621582
50,2.0,0,0.9905000045895577,0.8599999994039536,0.07157135009765625,0.04781045764684677,0.0006349571049213409,0.325,1.0,0.9002500000000001,0.5807499999999999,0.09974999999999999,2.8017067909240723,22.03227424621582
50,2.0,1,0.9925000041723251,0.857499997317791,0.061680868268013,0.041816212236881256,0.042284753173589706,0.375,1.0,0.897625,0.5526249999999999,0.102375,2.654494524002075,22.03227424621582
50,2.0,2,0.9725000008940696,0.8703750014305115,0.08992694318294525,0.060573212802410126,0.18964429199695587,0.45,1.0,0.8995,0.570375,0.1005,2.8599021434783936,22.03227424621582
50,2.0,3,0.9920000061392784,0.8580000028014183,0.08787554502487183,0.058021362870931625,0.004622891545295715,0.3,1.0,0.898875,0.5715,0.10112499999999999,2.5802175998687744,22.03227424621582
50,2.0,4,0.9835000067949295,0.8612500011920929,0.0773577019572258,0.050032444298267365,0.01632690243422985,0.375,1.0,0.8952500000000001,0.55425,0.10475000000000001,2.673499345779419,22.03227424621582
100,2.0,0,0.9765000164508819,0.8772499993443489,0.06526482850313187,0.04166293144226074,0.015565693378448486,0.35,1.0,0.9027499999999999,0.5559999999999999,0.09725,2.698089838027954,22.03227424621582
100,2.0,1,0.9662500053644181,0.8763749971985817,0.07412217557430267,0.04493757709860802,0.010383881628513336,0.35,1.0,0.9004999999999999,0.568,0.0995,2.812272548675537,22.03227424621582
100,2.0,2,0.9522500053048134,0.8820000022649765,0.08985672146081924,0.06272691488265991,0.13706788420677185,0.55,1.0,0.9029999999999999,0.536125,0.097,2.5569803714752197,22.03227424621582
100,2.0,3,0.9770000100135803,0.8711250007152558,0.06614324450492859,0.03903702646493912,0.009254701435565948,0.325,1.0,0.89625,0.575875,0.10375000000000001,2.7382218837738037,22.03227424621582
100,2.0,4,0.9650000110268593,0.8782499983906746,0.0809548944234848,0.062330782413482666,0.003922190051525831,0.35,1.0,0.9004999999999999,0.576,0.0995,2.8331596851348877,22.03227424621582
400,2.0,0,0.9097500070929527,0.900374998152256,0.0673796609044075,0.04196126013994217,0.0334542877972126,0.475,1.0,0.9029999999999999,0.5734999999999999,0.097,2.9627275466918945,22.03227424621582
400,2.0,1,0.9087499991059304,0.8977500006556511,0.07505536079406738,0.04663964360952377,0.0936746671795845,0.45,1.0,0.9012499999999999,0.568625,0.09875,2.805756092071533,22.03227424621582
400,2.0,2,0.9005624935030937,0.9024999991059304,0.29257768392562866,0.23289288580417633,0.07877018302679062,0.55,1.0,0.9030000000000001,0.5693750000000001,0.097,2.6914055347442627,22.03227424621582
400,2.0,3,0.9070624947547913,0.8982499927282334,0.11659558862447739,0.098284512758255,0.021694915369153023,0.375,1.0,0.9008749999999999,0.5743750000000001,0.09912499999999999,2.840358257293701,22.03227424621582
400,2.0,4,0.90625,0.8952500015497208,0.0735790953040123,0.048085812479257584,0.03638165444135666,0.55,1.0,0.8978750000000002,0.579,0.102125,2.8320703506469727,22.03227424621582
1000,2.0,0,0.9014249950647354,0.9028750017285347,0.1018531322479248,0.06280352175235748,0.08553870022296906,0.425,1.0,0.9033749999999999,0.580125,0.09662499999999999,2.780332088470459,22.03227424621582
1000,2.0,1,0.902750001847744,0.8978749990463257,0.09957477450370789,0.05838377773761749,0.07823026180267334,0.45,1.0,0.8985000000000001,0.57225,0.1015,2.7222797870635986,22.03227424621582
1000,2.0,2,0.8991500005126,0.9031250014901161,0.3343125283718109,0.3055861294269562,0.14383436739444733,0.5,1.0,0.9033749999999999,0.5795,0.096625,2.841169595718384,22.03227424621582
1000,2.0,3,0.902700001001358,0.9019999995827674,0.08839981257915497,0.05243135243654251,0.016581906005740166,0.4,1.0,0.9026250000000001,0.569375,0.097375,2.8267393112182617,22.03227424621582
1000,2.0,4,0.9002249985933304,0.8978749945759773,0.10938859730958939,0.07758444547653198,0.1282876580953598,0.575,1.0,0.898125,0.580375,0.10187500000000001,2.9375557899475098,22.03227424621582
15,4.0,0,0.9966666668653488,0.8213749945163726,0.11604133993387222,0.08637411892414093,0.024173207581043243,0.4,1.0,0.8963750000000001,0.526,0.103625,2.2778966426849365,22.03227424621582
15,4.0,1,1.0,0.8084999993443489,0.038269590586423874,0.03501366078853607,0.03514979034662247,0.4,1.0,0.898,0.5497500000000001,0.10200000000000001,3.4521920680999756,22.03227424621582
15,4.0,2,0.991666667163372,0.8289999976754189,0.21868033707141876,0.21350479125976562,0.09463489800691605,0.425,1.0,0.897125,0.499875,0.10287500000000001,5.209592342376709,22.03227424621582
15,4.0,3,0.9933333337306977,0.844250001013279,0.07097505778074265,0.057763196527957916,0.014367243275046349,0.375,1.0,0.903125,0.557,0.096875,2.526333808898926,22.03227424621582
15,4.0,4,0.9966666668653488,0.8278750032186508,0.05131379887461662,0.04579014703631401,0.0512036494910717,0.425,1.0,0.8975,0.524625,0.1025,2.482825756072998,22.03227424621582
50,4.0,0,0.9710000023245812,0.8677500024437904,0.04524587467312813,0.032111067324876785,0.008531877771019936,0.45,1.0,0.9002500000000001,0.53725,0.09974999999999999,2.838883876800537,22.03227424621582
50,4.0,1,0.9749999985098838,0.8672500029206276,0.04862295463681221,0.034229252487421036,0.021943461149930954,0.425,1.0,0.897625,0.501125,0.102375,2.8338623046875,22.03227424621582
50,4.0,2,0.953999999165535,0.8766249984502792,0.07797729223966599,0.05074194073677063,0.061048321425914764,0.525,1.0,0.8995,0.546625,0.1005,2.8852498531341553,22.03227424621582
50,4.0,3,0.9730000019073486,0.864875003695488,0.04495874047279358,0.027355369180440903,0.06405419111251831,0.425,1.0,0.898875,0.537625,0.10112499999999999,2.6082844734191895,22.03227424621582
50,4.0,4,0.9594999983906746,0.871875,0.060559846460819244,0.052059147506952286,0.08436036854982376,0.6,1.0,0.8952500000000001,0.5058750000000001,0.10475000000000001,2.879115581512451,22.03227424621582
100,4.0,0,0.9415000021457672,0.8872500017285347,0.040893662720918655,0.03112528659403324,0.04301411658525467,0.475,1.0,0.9027499999999999,0.509125,0.09725,2.9019641876220703,22.03227424621582
100,4.0,1,0.9362500041723252,0.8879999950528145,0.037262845784425735,0.024976104497909546,0.1287718117237091,0.625,1.0,0.9004999999999999,0.5483750000000001,0.0995,2.8331663608551025,22.03227424621582
100,4.0,2,0.9012499988079071,0.8993750005960465,0.1930876523256302,0.14272689819335938,0.024275045841932297,0.5,1.0,0.9029999999999999,0.5045,0.097,3.16774845123291,22.03227424621582
100,4.0,3,0.9660000100731849,0.8728750005364418,0.03214764967560768,0.020082494243979454,0.026173721998929977,0.325,1.0,0.89625,0.5615,0.10375000000000001,2.7424731254577637,22.03227424621582
100,4.0,4,0.9082500040531158,0.8954999968409538,0.06582338362932205,0.05873486399650574,0.06063472479581833,0.5,1.0,0.9004999999999999,0.53975,0.0995,2.876265287399292,22.03227424621582
400,4.0,0,0.9046250015497208,0.9028749972581863,0.07761062681674957,0.04741676524281502,0.1939856857061386,0.75,1.0,0.9029999999999999,0.5465,0.097,2.9756171703338623,22.03227424621582
400,4.0,1,0.9005624949932098,0.9001249998807908,0.04065278545022011,0.025950035080313683,0.10913925617933273,0.4,1.0,0.9012499999999999,0.541375,0.09875,2.8315889835357666,22.03227424621582
400,4.0,2,0.8981874927878379,0.9029999986290932,0.38897213339805603,0.26210877299308777,0.10563194751739502,0.5,1.0,0.9030000000000001,0.56775,0.097,2.6924872398376465,22.03227424621582
400,4.0,3,0.8981874972581864,0.9002499967813492,0.11782670766115189,0.09842952340841293,0.002771708182990551,0.475,1.0,0.9008749999999999,0.5506249999999999,0.09912499999999999,2.856718063354492,22.03227424621582
400,4.0,4,0.8987499952316285,0.8978749990463257,0.144086554646492,0.09809478372335434,0.12993323802947998,0.475,1.0,0.8978750000000002,0.568375,0.102125,2.8372721672058105,22.03227424621582
1000,4.0,0,0.9003999978303909,0.9033750012516976,0.0918862596154213,0.05560167878866196,0.20670169591903687,0.625,1.0,0.9033749999999999,0.5700000000000001,0.09662499999999999,2.785398006439209,22.03227424621582
1000,4.0,1,0.9020750001072884,0.8982499986886978,0.060133788734674454,0.038647133857011795,0.07592177391052246,0.625,1.0,0.8985000000000001,0.572875,0.1015,2.7225472927093506,22.03227424621582
1000,4.0,2,0.8990250021219254,0.9033750012516976,0.4233316481113434,0.2782231271266937,0.12849897146224976,0.5,1.0,0.9033749999999999,0.579,0.096625,2.841171979904175,22.03227424621582
1000,4.0,3,0.9010999992489814,0.9023749977350235,0.058009739965200424,0.04272126406431198,0.12061096727848053,0.35,1.0,0.9026250000000001,0.548125,0.097375,2.841578483581543,22.03227424621582
1000,4.0,4,0.8992250010371208,0.8981249943375588,0.3358762562274933,0.31265124678611755,0.041409917175769806,0.675,1.0,0.898125,0.5418749999999999,0.10187500000000001,2.9748198986053467,22.03227424621582
