sample,edit,direction,score_orig,score_edit,delta,len_ratio
0,neutral,prism_meandiff,-14.5156,-16.5158,-2.0003,0.905
0,neutral,true_head,-30.2297,-33.352,-3.1224,0.905
0,+factuality,prism_meandiff,-14.5156,-14.5254,-0.0098,1.024
0,+factuality,true_head,-30.2297,-30.8952,-0.6656,1.024
0,+helpfulness,prism_meandiff,-14.5156,-12.1839,2.3317,1.024
0,+helpfulness,true_head,-30.2297,-30.7911,-0.5614,1.024
0,+formatting,prism_meandiff,-14.5156,-15.3319,-0.8163,1.119
0,+formatting,true_head,-30.2297,-33.4125,-3.1828,1.119
0,-sycophancy,prism_meandiff,-14.5156,-13.626,0.8896,1.0
0,-sycophancy,true_head,-30.2297,-32.7703,-2.5407,1.0
1,neutral,prism_meandiff,5.7431,6.2122,0.4691,0.857
1,neutral,true_head,-5.4255,-4.4635,0.9621,0.857
1,+factuality,prism_meandiff,5.7431,6.5474,0.8043,0.968
1,+factuality,true_head,-5.4255,-3.1772,2.2483,0.968
1,+helpfulness,prism_meandiff,5.7431,7.2488,1.5057,0.841
1,+helpfulness,true_head,-5.4255,-2.2673,3.1582,0.841
1,+formatting,prism_meandiff,5.7431,2.9633,-2.7798,1.048
1,+formatting,true_head,-5.4255,-7.6481,-2.2226,1.048
1,-sycophancy,prism_meandiff,5.7431,5.8884,0.1453,0.825
1,-sycophancy,true_head,-5.4255,-3.6944,1.7311,0.825
2,neutral,prism_meandiff,3.9292,2.9018,-1.0274,0.976
2,neutral,true_head,-4.3926,-6.8213,-2.4287,0.976
2,+factuality,prism_meandiff,3.9292,3.7482,-0.1809,1.035
2,+factuality,true_head,-4.3926,-4.1569,0.2357,1.035
2,+helpfulness,prism_meandiff,3.9292,5.1096,1.1804,0.976
2,+helpfulness,true_head,-4.3926,-2.8837,1.509,0.976
2,+formatting,prism_meandiff,3.9292,0.7525,-3.1766,0.988
2,+formatting,true_head,-4.3926,-4.745,-0.3524,0.988
2,-sycophancy,prism_meandiff,3.9292,2.904,-1.0251,0.812
2,-sycophancy,true_head,-4.3926,-5.5124,-1.1197,0.812
3,neutral,prism_meandiff,7.3579,5.3885,-1.9694,0.894
3,neutral,true_head,-4.3949,-7.0306,-2.6356,0.894
3,+factuality,prism_meandiff,7.3579,5.2425,-2.1154,0.927
3,+factuality,true_head,-4.3949,-12.7484,-8.3534,0.927
3,+helpfulness,prism_meandiff,7.3579,7.6194,0.2615,1.098
3,+helpfulness,true_head,-4.3949,-4.7404,-0.3455,1.098
3,+formatting,prism_meandiff,7.3579,3.8199,-3.538,1.122
3,+formatting,true_head,-4.3949,-5.7347,-1.3398,1.122
3,-sycophancy,prism_meandiff,7.3579,4.2213,-3.1366,0.919
3,-sycophancy,true_head,-4.3949,-10.1124,-5.7174,0.919
4,neutral,prism_meandiff,7.4731,6.1853,-1.2879,0.951
4,neutral,true_head,-4.3378,-5.5959,-1.2581,0.951
4,+factuality,prism_meandiff,7.4731,8.252,0.7789,1.049
4,+factuality,true_head,-4.3378,-3.2138,1.124,1.049
4,+helpfulness,prism_meandiff,7.4731,9.4752,2.002,1.179
4,+helpfulness,true_head,-4.3378,1.4748,5.8126,1.179
4,+formatting,prism_meandiff,7.4731,4.3376,-3.1355,1.146
4,+formatting,true_head,-4.3378,-4.7145,-0.3766,1.146
4,-sycophancy,prism_meandiff,7.4731,5.3278,-2.1453,1.0
4,-sycophancy,true_head,-4.3378,-9.2093,-4.8715,1.0
5,neutral,prism_meandiff,6.7641,6.3266,-0.4376,0.98
5,neutral,true_head,-4.1874,-3.5467,0.6407,0.98
5,+factuality,prism_meandiff,6.7641,9.2864,2.5222,0.953
5,+factuality,true_head,-4.1874,0.1661,4.3535,0.953
5,+helpfulness,prism_meandiff,6.7641,13.6733,6.9092,1.0
5,+helpfulness,true_head,-4.1874,6.5933,10.7807,1.0
5,+formatting,prism_meandiff,6.7641,5.8603,-0.9038,1.047
5,+formatting,true_head,-4.1874,-3.9497,0.2377,1.047
5,-sycophancy,prism_meandiff,6.7641,4.2621,-2.502,0.791
5,-sycophancy,true_head,-4.1874,-7.6436,-3.4562,0.791
6,neutral,prism_meandiff,-1.836,0.1506,1.9866,0.831
6,neutral,true_head,-16.5607,-17.3484,-0.7876,0.831
6,+factuality,prism_meandiff,-1.836,-3.0952,-1.2592,1.038
6,+factuality,true_head,-16.5607,-23.3998,-6.8391,1.038
6,+helpfulness,prism_meandiff,-1.836,1.9745,3.8105,1.023
6,+helpfulness,true_head,-16.5607,-15.022,1.5387,1.023
6,+formatting,prism_meandiff,-1.836,-1.9021,-0.0661,1.069
6,+formatting,true_head,-16.5607,-16.358,0.2027,1.069
6,-sycophancy,prism_meandiff,-1.836,-1.8635,-0.0275,1.008
6,-sycophancy,true_head,-16.5607,-21.3234,-4.7627,1.008
7,neutral,prism_meandiff,2.6814,2.1754,-0.5059,0.969
7,neutral,true_head,-13.8824,-13.4848,0.3976,0.969
7,+factuality,prism_meandiff,2.6814,2.3942,-0.2871,1.094
7,+factuality,true_head,-13.8824,-16.7299,-2.8475,1.094
7,+helpfulness,prism_meandiff,2.6814,3.1615,0.4802,1.031
7,+helpfulness,true_head,-13.8824,-15.0186,-1.1362,1.031
7,+formatting,prism_meandiff,2.6814,-7.2565,-9.9379,0.969
7,+formatting,true_head,-13.8824,-20.6022,-6.7198,0.969
7,-sycophancy,prism_meandiff,2.6814,-1.955,-4.6364,1.031
7,-sycophancy,true_head,-13.8824,-21.4872,-7.6048,1.031
8,neutral,prism_meandiff,-7.8686,-9.0603,-1.1917,0.991
8,neutral,true_head,-22.1281,-22.8563,-0.7283,0.991
8,+factuality,prism_meandiff,-7.8686,-8.2662,-0.3976,1.026
8,+factuality,true_head,-22.1281,-22.532,-0.404,1.026
8,+helpfulness,prism_meandiff,-7.8686,6.6232,14.4918,0.948
8,+helpfulness,true_head,-22.1281,-1.4499,20.6781,0.948
8,+formatting,prism_meandiff,-7.8686,-9.0459,-1.1773,0.974
8,+formatting,true_head,-22.1281,-20.3258,1.8023,0.974
8,-sycophancy,prism_meandiff,-7.8686,-7.5645,0.3041,1.06
8,-sycophancy,true_head,-22.1281,-21.8545,0.2735,1.06
9,neutral,prism_meandiff,-6.1057,-3.952,2.1537,1.031
9,neutral,true_head,-29.0027,-24.7315,4.2713,1.031
9,+factuality,prism_meandiff,-6.1057,-9.0503,-2.9446,0.977
9,+factuality,true_head,-29.0027,-34.2717,-5.269,0.977
9,+helpfulness,prism_meandiff,-6.1057,-3.4426,2.6631,1.07
9,+helpfulness,true_head,-29.0027,-23.0712,5.9316,1.07
9,+formatting,prism_meandiff,-6.1057,-10.1973,-4.0916,0.969
9,+formatting,true_head,-29.0027,-29.6898,-0.6871,0.969
9,-sycophancy,prism_meandiff,-6.1057,-5.9974,0.1083,0.93
9,-sycophancy,true_head,-29.0027,-28.5867,0.4161,0.93
10,neutral,prism_meandiff,6.3902,3.3137,-3.0765,0.828
10,neutral,true_head,-6.6443,-13.1667,-6.5224,0.828
10,+factuality,prism_meandiff,6.3902,4.4094,-1.9808,1.09
10,+factuality,true_head,-6.6443,-12.5923,-5.948,1.09
10,+helpfulness,prism_meandiff,6.3902,2.3333,-4.0568,0.992
10,+helpfulness,true_head,-6.6443,-14.1443,-7.5,0.992
10,+formatting,prism_meandiff,6.3902,-0.1651,-6.5552,1.041
10,+formatting,true_head,-6.6443,-13.6147,-6.9704,1.041
10,-sycophancy,prism_meandiff,6.3902,2.8769,-3.5132,0.943
10,-sycophancy,true_head,-6.6443,-13.5348,-6.8905,0.943
11,neutral,prism_meandiff,-0.0695,-0.4835,-0.414,0.97
11,neutral,true_head,-15.4498,-15.3508,0.099,0.97
11,+factuality,prism_meandiff,-0.0695,6.8661,6.9356,0.864
11,+factuality,true_head,-15.4498,-7.7134,7.7364,0.864
11,+helpfulness,prism_meandiff,-0.0695,6.3525,6.4219,1.0
11,+helpfulness,true_head,-15.4498,-6.2103,9.2395,1.0
11,+formatting,prism_meandiff,-0.0695,3.7671,3.8366,0.902
11,+formatting,true_head,-15.4498,-10.0819,5.3679,0.902
11,-sycophancy,prism_meandiff,-0.0695,-1.4678,-1.3983,1.106
11,-sycophancy,true_head,-15.4498,-15.6375,-0.1877,1.106
12,neutral,prism_meandiff,6.2052,2.2769,-3.9283,0.759
12,neutral,true_head,-5.4364,-14.4085,-8.9721,0.759
12,+helpfulness,prism_meandiff,6.2052,5.9266,-0.2786,0.907
12,+helpfulness,true_head,-5.4364,-8.0588,-2.6224,0.907
12,+formatting,prism_meandiff,6.2052,1.3972,-4.808,0.963
12,+formatting,true_head,-5.4364,-8.8714,-3.435,0.963
12,-sycophancy,prism_meandiff,6.2052,-1.6723,-7.8775,0.907
12,-sycophancy,true_head,-5.4364,-17.8118,-12.3754,0.907
13,neutral,prism_meandiff,9.0616,4.4602,-4.6014,0.912
13,neutral,true_head,-2.1682,-7.4176,-5.2495,0.912
13,+factuality,prism_meandiff,9.0616,8.8861,-0.1755,1.044
13,+factuality,true_head,-2.1682,-1.8094,0.3587,1.044
13,+helpfulness,prism_meandiff,9.0616,8.0882,-0.9734,1.07
13,+helpfulness,true_head,-2.1682,1.1803,3.3484,1.07
13,+formatting,prism_meandiff,9.0616,5.0819,-3.9797,0.737
13,+formatting,true_head,-2.1682,-1.7227,0.4454,0.737
13,-sycophancy,prism_meandiff,9.0616,0.8717,-8.1899,0.956
13,-sycophancy,true_head,-2.1682,-10.3701,-8.202,0.956
14,neutral,prism_meandiff,8.4231,5.0221,-3.401,0.956
14,neutral,true_head,-6.6493,-11.2538,-4.6045,0.956
14,+factuality,prism_meandiff,8.4231,5.7747,-2.6485,1.067
14,+factuality,true_head,-6.6493,-9.4099,-2.7606,1.067
14,+helpfulness,prism_meandiff,8.4231,7.1617,-1.2615,1.059
14,+helpfulness,true_head,-6.6493,-7.4,-0.7507,1.059
14,+formatting,prism_meandiff,8.4231,1.4545,-6.9687,0.978
14,+formatting,true_head,-6.6493,-9.755,-3.1057,0.978
14,-sycophancy,prism_meandiff,8.4231,-2.4147,-10.8379,0.896
14,-sycophancy,true_head,-6.6493,-17.2792,-10.6299,0.896
15,neutral,prism_meandiff,10.3563,10.7597,0.4035,0.911
15,neutral,true_head,-1.4542,-0.5015,0.9527,0.911
15,+factuality,prism_meandiff,10.3563,8.4547,-1.9016,1.021
15,+factuality,true_head,-1.4542,-1.3603,0.0939,1.021
15,+helpfulness,prism_meandiff,10.3563,9.6482,-0.7081,1.0
15,+helpfulness,true_head,-1.4542,2.9033,4.3576,1.0
15,+formatting,prism_meandiff,10.3563,4.8103,-5.546,0.979
15,+formatting,true_head,-1.4542,-4.9031,-3.4489,0.979
15,-sycophancy,prism_meandiff,10.3563,5.7726,-4.5836,1.007
15,-sycophancy,true_head,-1.4542,-4.9464,-3.4922,1.007
16,neutral,prism_meandiff,5.6808,3.3016,-2.3792,0.826
16,neutral,true_head,-7.2777,-8.7304,-1.4527,0.826
16,+factuality,prism_meandiff,5.6808,2.7397,-2.9411,1.035
16,+factuality,true_head,-7.2777,-10.6786,-3.4009,1.035
16,+helpfulness,prism_meandiff,5.6808,3.8105,-1.8703,1.139
16,+helpfulness,true_head,-7.2777,-7.8129,-0.5352,1.139
16,+formatting,prism_meandiff,5.6808,0.9252,-4.7556,1.062
16,+formatting,true_head,-7.2777,-8.4771,-1.1994,1.062
16,-sycophancy,prism_meandiff,5.6808,2.8928,-2.7879,0.917
16,-sycophancy,true_head,-7.2777,-9.1002,-1.8225,0.917
17,neutral,prism_meandiff,6.1586,5.7513,-0.4073,1.0
17,neutral,true_head,-6.6902,-8.0036,-1.3134,1.0
17,+factuality,prism_meandiff,6.1586,5.772,-0.3865,1.0
17,+factuality,true_head,-6.6902,-7.0487,-0.3585,1.0
17,+helpfulness,prism_meandiff,6.1586,0.0681,-6.0905,1.1
17,+helpfulness,true_head,-6.6902,-14.2673,-7.577,1.1
17,+formatting,prism_meandiff,6.1586,1.19,-4.9685,1.15
17,+formatting,true_head,-6.6902,-9.0067,-2.3165,1.15
17,-sycophancy,prism_meandiff,6.1586,-2.6103,-8.7689,1.05
17,-sycophancy,true_head,-6.6902,-17.4026,-10.7123,1.05
18,neutral,prism_meandiff,-1.3316,-2.1073,-0.7757,1.091
18,neutral,true_head,-13.9242,-15.1207,-1.1966,1.091
18,+factuality,prism_meandiff,-1.3316,-1.1726,0.159,1.0
18,+factuality,true_head,-13.9242,-13.3599,0.5642,1.0
18,+helpfulness,prism_meandiff,-1.3316,-2.8085,-1.4769,1.0
18,+helpfulness,true_head,-13.9242,-17.9405,-4.0163,1.0
18,+formatting,prism_meandiff,-1.3316,-5.376,-4.0445,1.0
18,+formatting,true_head,-13.9242,-16.5713,-2.6471,1.0
18,-sycophancy,prism_meandiff,-1.3316,-4.9562,-3.6246,1.0
18,-sycophancy,true_head,-13.9242,-17.7041,-3.7799,1.0
19,neutral,prism_meandiff,5.2939,3.4656,-1.8283,0.843
19,neutral,true_head,-10.6896,-11.3889,-0.6993,0.843
19,+factuality,prism_meandiff,5.2939,5.1569,-0.137,0.983
19,+factuality,true_head,-10.6896,-10.1209,0.5687,0.983
19,+helpfulness,prism_meandiff,5.2939,4.1563,-1.1375,1.029
19,+helpfulness,true_head,-10.6896,-8.4697,2.22,1.029
19,+formatting,prism_meandiff,5.2939,3.7167,-1.5772,0.988
19,+formatting,true_head,-10.6896,-12.1243,-1.4347,0.988
19,-sycophancy,prism_meandiff,5.2939,1.6788,-3.6151,0.983
19,-sycophancy,true_head,-10.6896,-14.3655,-3.6759,0.983
20,neutral,prism_meandiff,-12.98,-15.7486,-2.7686,0.912
20,neutral,true_head,-29.323,-32.4968,-3.1738,0.912
20,+factuality,prism_meandiff,-12.98,-13.7794,-0.7994,0.985
20,+factuality,true_head,-29.323,-30.8574,-1.5344,0.985
20,+helpfulness,prism_meandiff,-12.98,0.1452,13.1252,1.343
20,+helpfulness,true_head,-29.323,-11.3387,17.9843,1.343
20,+formatting,prism_meandiff,-12.98,-17.2638,-4.2838,1.139
20,+formatting,true_head,-29.323,-32.0265,-2.7035,1.139
20,-sycophancy,prism_meandiff,-12.98,-11.3509,1.6291,0.956
20,-sycophancy,true_head,-29.323,-27.3723,1.9507,0.956
21,neutral,prism_meandiff,3.0673,2.2757,-0.7917,0.95
21,neutral,true_head,-11.4283,-12.1035,-0.6752,0.95
21,+factuality,prism_meandiff,3.0673,1.8908,-1.1765,1.05
21,+factuality,true_head,-11.4283,-12.1128,-0.6845,1.05
21,+helpfulness,prism_meandiff,3.0673,4.2854,1.2181,1.163
21,+helpfulness,true_head,-11.4283,-11.4812,-0.0529,1.163
21,+formatting,prism_meandiff,3.0673,-0.5889,-3.6562,0.957
21,+formatting,true_head,-11.4283,-13.0842,-1.6559,0.957
21,-sycophancy,prism_meandiff,3.0673,0.5776,-2.4897,0.965
21,-sycophancy,true_head,-11.4283,-14.3167,-2.8884,0.965
22,neutral,prism_meandiff,-2.2382,0.6561,2.8944,0.871
22,neutral,true_head,-15.4764,-15.0336,0.4427,0.871
22,+factuality,prism_meandiff,-2.2382,1.7521,3.9903,0.968
22,+factuality,true_head,-15.4764,-13.345,2.1314,0.968
22,+helpfulness,prism_meandiff,-2.2382,-0.8114,1.4268,0.903
22,+helpfulness,true_head,-15.4764,-18.8605,-3.3841,0.903
22,+formatting,prism_meandiff,-2.2382,-2.4928,-0.2546,1.0
22,+formatting,true_head,-15.4764,-14.3944,1.082,1.0
22,-sycophancy,prism_meandiff,-2.2382,-2.104,0.1342,0.968
22,-sycophancy,true_head,-15.4764,-20.3325,-4.8562,0.968
23,neutral,prism_meandiff,6.6823,6.5455,-0.1368,0.968
23,neutral,true_head,-9.7063,-8.7226,0.9837,0.968
23,+factuality,prism_meandiff,6.6823,4.6867,-1.9956,1.145
23,+factuality,true_head,-9.7063,-11.5254,-1.8191,1.145
23,+helpfulness,prism_meandiff,6.6823,7.7986,1.1163,1.048
23,+helpfulness,true_head,-9.7063,-2.4677,7.2386,1.048
23,+formatting,prism_meandiff,6.6823,1.9329,-4.7494,1.048
23,+formatting,true_head,-9.7063,-9.0398,0.6665,1.048
23,-sycophancy,prism_meandiff,6.6823,-1.586,-8.2683,1.032
23,-sycophancy,true_head,-9.7063,-24.2262,-14.5199,1.032
24,neutral,prism_meandiff,10.6327,12.164,1.5313,1.0
24,neutral,true_head,2.9027,3.9999,1.0972,1.0
24,+factuality,prism_meandiff,10.6327,10.6327,0.0,1.0
24,+factuality,true_head,2.9027,2.9027,0.0,1.0
24,+helpfulness,prism_meandiff,10.6327,11.4167,0.7839,1.0
24,+helpfulness,true_head,2.9027,3.1288,0.2261,1.0
24,+formatting,prism_meandiff,10.6327,10.0543,-0.5784,0.714
24,+formatting,true_head,2.9027,4.2265,1.3238,0.714
24,-sycophancy,prism_meandiff,10.6327,9.2771,-1.3557,1.0
24,-sycophancy,true_head,2.9027,0.1608,-2.7419,1.0
25,neutral,prism_meandiff,2.4939,2.38,-0.1139,0.985
25,neutral,true_head,-7.6326,-6.216,1.4166,0.985
25,+factuality,prism_meandiff,2.4939,2.9391,0.4451,1.015
25,+factuality,true_head,-7.6326,-6.9573,0.6753,1.015
25,+helpfulness,prism_meandiff,2.4939,1.4267,-1.0673,0.985
25,+helpfulness,true_head,-7.6326,-9.5158,-1.8832,0.985
25,+formatting,prism_meandiff,2.4939,-0.7968,-3.2907,0.941
25,+formatting,true_head,-7.6326,-6.6724,0.9602,0.941
25,-sycophancy,prism_meandiff,2.4939,2.9423,0.4484,0.897
25,-sycophancy,true_head,-7.6326,-6.3755,1.2571,0.897
26,neutral,prism_meandiff,8.6411,8.3821,-0.2589,0.964
26,neutral,true_head,-0.1702,-0.5268,-0.3566,0.964
26,+factuality,prism_meandiff,8.6411,8.6411,0.0,1.0
26,+factuality,true_head,-0.1702,-0.1702,0.0,1.0
26,+helpfulness,prism_meandiff,8.6411,8.0858,-0.5553,1.071
26,+helpfulness,true_head,-0.1702,-1.2101,-1.0399,1.071
26,+formatting,prism_meandiff,8.6411,6.5414,-2.0997,1.0
26,+formatting,true_head,-0.1702,-0.854,-0.6838,1.0
26,-sycophancy,prism_meandiff,8.6411,5.1587,-3.4823,1.0
26,-sycophancy,true_head,-0.1702,-5.2727,-5.1025,1.0
27,neutral,prism_meandiff,1.8775,-2.6469,-4.5245,1.031
27,neutral,true_head,-10.7601,-15.3117,-4.5516,1.031
27,+factuality,prism_meandiff,1.8775,6.2361,4.3585,1.031
27,+factuality,true_head,-10.7601,-3.3443,7.4158,1.031
27,+helpfulness,prism_meandiff,1.8775,-0.9033,-2.7808,1.125
27,+helpfulness,true_head,-10.7601,-12.2308,-1.4707,1.125
27,+formatting,prism_meandiff,1.8775,-0.0891,-1.9667,1.062
27,+formatting,true_head,-10.7601,-10.1191,0.641,1.062
27,-sycophancy,prism_meandiff,1.8775,-1.186,-3.0636,0.938
27,-sycophancy,true_head,-10.7601,-13.9147,-3.1546,0.938
28,neutral,prism_meandiff,3.417,0.8254,-2.5915,1.043
28,neutral,true_head,-6.0735,-7.8705,-1.797,1.043
28,+factuality,prism_meandiff,3.417,3.2741,-0.1429,1.043
28,+factuality,true_head,-6.0735,-6.0447,0.0288,1.043
28,+helpfulness,prism_meandiff,3.417,3.4093,-0.0077,0.979
28,+helpfulness,true_head,-6.0735,-4.9992,1.0743,0.979
28,+formatting,prism_meandiff,3.417,1.8967,-1.5202,1.043
28,+formatting,true_head,-6.0735,-6.839,-0.7655,1.043
28,-sycophancy,prism_meandiff,3.417,-0.2582,-3.6752,0.957
28,-sycophancy,true_head,-6.0735,-8.405,-2.3315,0.957
29,neutral,prism_meandiff,2.6302,0.9008,-1.7294,0.962
29,neutral,true_head,-8.8406,-10.5602,-1.7195,0.962
29,+factuality,prism_meandiff,2.6302,4.1422,1.512,1.075
29,+factuality,true_head,-8.8406,-6.6968,2.1438,1.075
29,+helpfulness,prism_meandiff,2.6302,-9.3025,-11.9327,1.057
29,+helpfulness,true_head,-8.8406,-29.6473,-20.8066,1.057
29,+formatting,prism_meandiff,2.6302,-2.9847,-5.6149,0.962
29,+formatting,true_head,-8.8406,-11.4033,-2.5627,0.962
29,-sycophancy,prism_meandiff,2.6302,-0.5015,-3.1317,0.981
29,-sycophancy,true_head,-8.8406,-11.646,-2.8053,0.981
30,neutral,prism_meandiff,3.0205,-0.039,-3.0595,1.036
30,neutral,true_head,-8.0236,-11.3461,-3.3225,1.036
30,+factuality,prism_meandiff,3.0205,5.8699,2.8494,1.018
30,+factuality,true_head,-8.0236,-2.9059,5.1178,1.018
30,+helpfulness,prism_meandiff,3.0205,-0.3761,-3.3966,1.036
30,+helpfulness,true_head,-8.0236,-11.6866,-3.663,1.036
30,+formatting,prism_meandiff,3.0205,0.1078,-2.9127,1.0
30,+formatting,true_head,-8.0236,-9.0318,-1.0081,1.0
30,-sycophancy,prism_meandiff,3.0205,-2.5327,-5.5532,0.891
30,-sycophancy,true_head,-8.0236,-14.8377,-6.8141,0.891
31,neutral,prism_meandiff,-4.3023,-13.3665,-9.0642,0.931
31,neutral,true_head,-23.0009,-36.0185,-13.0176,0.931
31,+factuality,prism_meandiff,-4.3023,-2.5538,1.7485,0.917
31,+factuality,true_head,-23.0009,-18.6961,4.3048,0.917
31,+helpfulness,prism_meandiff,-4.3023,-3.9933,0.309,1.042
31,+helpfulness,true_head,-23.0009,-20.9621,2.0388,1.042
31,+formatting,prism_meandiff,-4.3023,-10.1597,-5.8574,1.014
31,+formatting,true_head,-23.0009,-22.952,0.049,1.014
31,-sycophancy,prism_meandiff,-4.3023,-9.4074,-5.1051,1.014
31,-sycophancy,true_head,-23.0009,-33.1451,-10.1442,1.014
32,neutral,prism_meandiff,8.5873,4.9372,-3.6501,0.972
32,neutral,true_head,-4.5202,-7.1846,-2.6644,0.972
32,+factuality,prism_meandiff,8.5873,6.6011,-1.9861,1.0
32,+factuality,true_head,-4.5202,-5.0535,-0.5333,1.0
32,+helpfulness,prism_meandiff,8.5873,10.6407,2.0534,1.111
32,+helpfulness,true_head,-4.5202,-0.5977,3.9225,1.111
32,+formatting,prism_meandiff,8.5873,6.392,-2.1953,1.065
32,+formatting,true_head,-4.5202,-3.0139,1.5064,1.065
32,-sycophancy,prism_meandiff,8.5873,5.0392,-3.5481,0.935
32,-sycophancy,true_head,-4.5202,-9.316,-4.7957,0.935
33,neutral,prism_meandiff,12.5277,4.9004,-7.6273,1.0
33,neutral,true_head,3.8564,-5.3903,-9.2467,1.0
33,+factuality,prism_meandiff,12.5277,12.0963,-0.4314,1.045
33,+factuality,true_head,3.8564,3.4602,-0.3961,1.045
33,+helpfulness,prism_meandiff,12.5277,6.7225,-5.8052,1.027
33,+helpfulness,true_head,3.8564,-4.1572,-8.0135,1.027
33,+formatting,prism_meandiff,12.5277,10.6857,-1.842,1.162
33,+formatting,true_head,3.8564,4.8014,0.945,1.162
33,-sycophancy,prism_meandiff,12.5277,-2.2335,-14.7612,0.991
33,-sycophancy,true_head,3.8564,-19.7214,-23.5777,0.991
34,neutral,prism_meandiff,5.076,-2.3919,-7.468,0.947
34,neutral,true_head,-12.7806,-24.6561,-11.8755,0.947
34,+factuality,prism_meandiff,5.076,4.2904,-0.7856,0.912
34,+factuality,true_head,-12.7806,-14.3403,-1.5598,0.912
34,+helpfulness,prism_meandiff,5.076,4.9246,-0.1514,1.07
34,+helpfulness,true_head,-12.7806,-10.142,2.6385,1.07
34,+formatting,prism_meandiff,5.076,2.8626,-2.2134,1.0
34,+formatting,true_head,-12.7806,-10.6546,2.126,1.0
34,-sycophancy,prism_meandiff,5.076,-0.0037,-5.0797,1.0
34,-sycophancy,true_head,-12.7806,-23.1827,-10.4022,1.0
35,neutral,prism_meandiff,4.4854,2.4847,-2.0007,1.056
35,neutral,true_head,-14.9686,-18.5398,-3.5711,1.056
35,+factuality,prism_meandiff,4.4854,4.84,0.3546,1.074
35,+factuality,true_head,-14.9686,-15.3567,-0.388,1.074
35,+helpfulness,prism_meandiff,4.4854,4.3884,-0.097,1.056
35,+helpfulness,true_head,-14.9686,-9.3767,5.5919,1.056
35,+formatting,prism_meandiff,4.4854,1.4574,-3.028,1.185
35,+formatting,true_head,-14.9686,-9.3182,5.6504,1.185
35,-sycophancy,prism_meandiff,4.4854,-0.0356,-4.521,1.056
35,-sycophancy,true_head,-14.9686,-23.3678,-8.3992,1.056
36,neutral,prism_meandiff,7.5251,6.0546,-1.4706,0.936
36,neutral,true_head,-4.0151,-6.7041,-2.6889,0.936
36,+factuality,prism_meandiff,7.5251,7.875,0.3499,1.026
36,+factuality,true_head,-4.0151,-2.6421,1.373,1.026
36,+helpfulness,prism_meandiff,7.5251,8.8363,1.3111,1.064
36,+helpfulness,true_head,-4.0151,-0.9251,3.0901,1.064
36,+formatting,prism_meandiff,7.5251,2.2438,-5.2813,1.0
36,+formatting,true_head,-4.0151,-3.1274,0.8878,1.0
36,-sycophancy,prism_meandiff,7.5251,6.1404,-1.3847,0.936
36,-sycophancy,true_head,-4.0151,-6.5641,-2.5489,0.936
37,neutral,prism_meandiff,-9.8944,-11.0786,-1.1841,1.122
37,neutral,true_head,-27.702,-28.1387,-0.4367,1.122
37,+factuality,prism_meandiff,-9.8944,-9.6475,0.247,1.01
37,+factuality,true_head,-27.702,-27.5766,0.1254,1.01
37,+helpfulness,prism_meandiff,-9.8944,-7.516,2.3785,0.939
37,+helpfulness,true_head,-27.702,-25.4886,2.2133,0.939
37,+formatting,prism_meandiff,-9.8944,-8.0169,1.8775,0.857
37,+formatting,true_head,-27.702,-22.5712,5.1307,0.857
37,-sycophancy,prism_meandiff,-9.8944,-11.8164,-1.922,0.857
37,-sycophancy,true_head,-27.702,-31.558,-3.856,0.857
38,neutral,prism_meandiff,4.4952,0.6693,-3.8259,1.0
38,neutral,true_head,-12.8252,-17.8525,-5.0274,1.0
38,+factuality,prism_meandiff,4.4952,5.3213,0.8261,0.875
38,+factuality,true_head,-12.8252,-14.5684,-1.7432,0.875
38,+helpfulness,prism_meandiff,4.4952,8.2179,3.7227,1.0
38,+helpfulness,true_head,-12.8252,-8.1076,4.7176,1.0
38,+formatting,prism_meandiff,4.4952,-1.4622,-5.9574,0.875
38,+formatting,true_head,-12.8252,-16.2856,-3.4604,0.875
38,-sycophancy,prism_meandiff,4.4952,-10.6714,-15.1666,0.875
38,-sycophancy,true_head,-12.8252,-32.3721,-19.547,0.875
39,neutral,prism_meandiff,-3.8585,-4.1712,-0.3128,1.091
39,neutral,true_head,-25.8533,-27.7229,-1.8697,1.091
39,+factuality,prism_meandiff,-3.8585,-0.0836,3.7749,1.0
39,+factuality,true_head,-25.8533,-20.9005,4.9528,1.0
39,+helpfulness,prism_meandiff,-3.8585,-1.2291,2.6293,1.0
39,+helpfulness,true_head,-25.8533,-25.7888,0.0645,1.0
39,+formatting,prism_meandiff,-3.8585,-10.5417,-6.6832,1.0
39,+formatting,true_head,-25.8533,-32.2371,-6.3838,1.0
39,-sycophancy,prism_meandiff,-3.8585,-5.8201,-1.9616,1.182
39,-sycophancy,true_head,-25.8533,-32.0191,-6.1658,1.182
40,neutral,prism_meandiff,6.3993,5.477,-0.9223,0.829
40,neutral,true_head,-8.4621,-11.1096,-2.6474,0.829
40,+factuality,prism_meandiff,6.3993,5.9852,-0.414,0.927
40,+factuality,true_head,-8.4621,-9.2166,-0.7545,0.927
40,+helpfulness,prism_meandiff,6.3993,5.0721,-1.3271,0.976
40,+helpfulness,true_head,-8.4621,-13.7863,-5.3242,0.976
40,+formatting,prism_meandiff,6.3993,1.2562,-5.143,0.976
40,+formatting,true_head,-8.4621,-11.4479,-2.9857,0.976
40,-sycophancy,prism_meandiff,6.3993,0.5749,-5.8244,0.878
40,-sycophancy,true_head,-8.4621,-18.9643,-10.5022,0.878
41,neutral,prism_meandiff,8.8895,7.3691,-1.5204,0.946
41,neutral,true_head,-0.6624,-1.1692,-0.5068,0.946
41,+factuality,prism_meandiff,8.8895,7.3404,-1.5491,1.054
41,+factuality,true_head,-0.6624,0.2139,0.8762,1.054
41,+helpfulness,prism_meandiff,8.8895,8.1178,-0.7717,0.982
41,+helpfulness,true_head,-0.6624,-0.2768,0.3856,0.982
41,+formatting,prism_meandiff,8.8895,6.0501,-2.8394,1.054
41,+formatting,true_head,-0.6624,0.9709,1.6333,1.054
41,-sycophancy,prism_meandiff,8.8895,6.4235,-2.466,0.929
41,-sycophancy,true_head,-0.6624,-3.8982,-3.2358,0.929
42,neutral,prism_meandiff,9.5251,7.1608,-2.3643,0.876
42,neutral,true_head,-1.2733,-3.5375,-2.2642,0.876
42,+factuality,prism_meandiff,9.5251,7.9075,-1.6176,0.943
42,+factuality,true_head,-1.2733,-2.2451,-0.9718,0.943
42,+helpfulness,prism_meandiff,9.5251,9.248,-0.2771,1.057
42,+helpfulness,true_head,-1.2733,0.5515,1.8248,1.057
42,+formatting,prism_meandiff,9.5251,3.5932,-5.9319,1.105
42,+formatting,true_head,-1.2733,-4.8606,-3.5873,1.105
42,-sycophancy,prism_meandiff,9.5251,3.3853,-6.1398,0.905
42,-sycophancy,true_head,-1.2733,-7.3869,-6.1136,0.905
43,neutral,prism_meandiff,8.4616,6.3639,-2.0977,0.966
43,neutral,true_head,-2.4112,-4.5762,-2.1649,0.966
43,+factuality,prism_meandiff,8.4616,9.6041,1.1425,1.02
43,+factuality,true_head,-2.4112,-0.1229,2.2884,1.02
43,+helpfulness,prism_meandiff,8.4616,3.5456,-4.916,1.061
43,+helpfulness,true_head,-2.4112,-10.7208,-8.3096,1.061
43,+formatting,prism_meandiff,8.4616,4.4227,-4.0388,1.135
43,+formatting,true_head,-2.4112,-3.1792,-0.768,1.135
43,-sycophancy,prism_meandiff,8.4616,5.8587,-2.6029,0.98
43,-sycophancy,true_head,-2.4112,-4.8239,-2.4127,0.98
44,neutral,prism_meandiff,-5.2783,-5.3783,-0.1,1.0
44,neutral,true_head,-16.9283,-20.4525,-3.5242,1.0
44,+factuality,prism_meandiff,-5.2783,1.5479,6.8263,0.99
44,+factuality,true_head,-16.9283,-15.5459,1.3824,0.99
44,+helpfulness,prism_meandiff,-5.2783,-13.3636,-8.0853,1.088
44,+helpfulness,true_head,-16.9283,-37.1663,-20.238,1.088
44,+formatting,prism_meandiff,-5.2783,-7.9057,-2.6274,1.078
44,+formatting,true_head,-16.9283,-22.0532,-5.1249,1.078
44,-sycophancy,prism_meandiff,-5.2783,-5.0174,0.2609,1.059
44,-sycophancy,true_head,-16.9283,-20.0534,-3.125,1.059
45,neutral,prism_meandiff,1.9717,0.9183,-1.0534,1.032
45,neutral,true_head,-6.2926,-7.0377,-0.7451,1.032
45,+factuality,prism_meandiff,1.9717,6.8127,4.841,1.065
45,+factuality,true_head,-6.2926,0.3646,6.6572,1.065
45,+helpfulness,prism_meandiff,1.9717,5.6983,3.7266,1.065
45,+helpfulness,true_head,-6.2926,-0.628,5.6646,1.065
45,+formatting,prism_meandiff,1.9717,-0.3705,-2.3422,0.946
45,+formatting,true_head,-6.2926,-6.7304,-0.4378,0.946
45,-sycophancy,prism_meandiff,1.9717,0.8709,-1.1008,1.043
45,-sycophancy,true_head,-6.2926,-7.3061,-1.0135,1.043
46,neutral,prism_meandiff,7.6782,7.8414,0.1633,0.989
46,neutral,true_head,2.5451,1.4672,-1.0779,0.989
46,+factuality,prism_meandiff,7.6782,5.5216,-2.1566,0.944
46,+factuality,true_head,2.5451,-2.7836,-5.3287,0.944
46,+helpfulness,prism_meandiff,7.6782,9.2068,1.5286,1.084
46,+helpfulness,true_head,2.5451,6.6238,4.0788,1.084
46,+formatting,prism_meandiff,7.6782,7.8767,0.1985,0.927
46,+formatting,true_head,2.5451,4.4281,1.8831,0.927
46,-sycophancy,prism_meandiff,7.6782,5.274,-2.4042,0.944
46,-sycophancy,true_head,2.5451,-0.3101,-2.8552,0.944
47,neutral,prism_meandiff,3.9088,4.2152,0.3064,0.962
47,neutral,true_head,-4.7738,-4.5991,0.1747,0.962
47,+factuality,prism_meandiff,3.9088,4.0415,0.1327,1.097
47,+factuality,true_head,-4.7738,-5.6655,-0.8917,1.097
47,+helpfulness,prism_meandiff,3.9088,0.6541,-3.2547,0.968
47,+helpfulness,true_head,-4.7738,-9.571,-4.7973,0.968
47,+formatting,prism_meandiff,3.9088,2.6801,-1.2286,0.854
47,+formatting,true_head,-4.7738,-4.1367,0.6371,0.854
47,-sycophancy,prism_meandiff,3.9088,2.5448,-1.3639,0.832
47,-sycophancy,true_head,-4.7738,-6.0457,-1.2719,0.832
48,neutral,prism_meandiff,1.4892,0.163,-1.3263,0.95
48,neutral,true_head,-13.4708,-14.6226,-1.1518,0.95
48,+factuality,prism_meandiff,1.4892,3.0509,1.5617,0.975
48,+factuality,true_head,-13.4708,-12.877,0.5938,0.975
48,+helpfulness,prism_meandiff,1.4892,7.6563,6.1671,0.992
48,+helpfulness,true_head,-13.4708,-2.5459,10.9249,0.992
48,+formatting,prism_meandiff,1.4892,-0.6417,-2.1309,1.091
48,+formatting,true_head,-13.4708,-12.7011,0.7696,1.091
48,-sycophancy,prism_meandiff,1.4892,1.2687,-0.2205,0.942
48,-sycophancy,true_head,-13.4708,-13.0057,0.4651,0.942
49,neutral,prism_meandiff,6.7102,3.9118,-2.7984,0.96
49,neutral,true_head,-4.4424,-8.7833,-4.3409,0.96
49,+factuality,prism_meandiff,6.7102,6.1848,-0.5254,1.029
49,+factuality,true_head,-4.4424,-5.8404,-1.398,1.029
49,+helpfulness,prism_meandiff,6.7102,5.3987,-1.3115,1.139
49,+helpfulness,true_head,-4.4424,-4.5285,-0.086,1.139
49,+formatting,prism_meandiff,6.7102,1.0503,-5.6599,1.139
49,+formatting,true_head,-4.4424,-7.8567,-3.4143,1.139
49,-sycophancy,prism_meandiff,6.7102,2.3538,-4.3564,1.035
49,-sycophancy,true_head,-4.4424,-10.4103,-5.9678,1.035
50,neutral,prism_meandiff,4.4854,3.589,-0.8963,0.964
50,neutral,true_head,-9.1398,-10.4553,-1.3155,0.964
50,+factuality,prism_meandiff,4.4854,5.5893,1.1039,1.082
50,+factuality,true_head,-9.1398,-5.8333,3.3066,1.082
50,+helpfulness,prism_meandiff,4.4854,4.1597,-0.3257,1.018
50,+helpfulness,true_head,-9.1398,-8.7758,0.364,1.018
50,+formatting,prism_meandiff,4.4854,0.9463,-3.5391,1.0
50,+formatting,true_head,-9.1398,-10.4934,-1.3535,1.0
50,-sycophancy,prism_meandiff,4.4854,3.5071,-0.9783,1.036
50,-sycophancy,true_head,-9.1398,-11.9126,-2.7728,1.036
51,neutral,prism_meandiff,2.8516,1.9593,-0.8923,0.945
51,neutral,true_head,-5.4382,-6.8558,-1.4176,0.945
51,+factuality,prism_meandiff,2.8516,3.5366,0.685,0.953
51,+factuality,true_head,-5.4382,-4.2139,1.2243,0.953
51,+helpfulness,prism_meandiff,2.8516,2.2175,-0.6341,1.134
51,+helpfulness,true_head,-5.4382,-5.1202,0.3181,1.134
51,+formatting,prism_meandiff,2.8516,-0.8755,-3.7271,1.142
51,+formatting,true_head,-5.4382,-8.0366,-2.5984,1.142
51,-sycophancy,prism_meandiff,2.8516,1.7023,-1.1493,0.976
51,-sycophancy,true_head,-5.4382,-7.5558,-2.1176,0.976
52,neutral,prism_meandiff,6.1968,5.05,-1.1468,0.981
52,neutral,true_head,-2.4694,-3.8156,-1.3461,0.981
52,+factuality,prism_meandiff,6.1968,7.2561,1.0593,1.024
52,+factuality,true_head,-2.4694,-0.1742,2.2952,1.024
52,+helpfulness,prism_meandiff,6.1968,7.6192,1.4223,1.005
52,+helpfulness,true_head,-2.4694,0.6389,3.1084,1.005
52,+formatting,prism_meandiff,6.1968,4.9136,-1.2833,1.029
52,+formatting,true_head,-2.4694,0.383,2.8524,1.029
52,-sycophancy,prism_meandiff,6.1968,1.9856,-4.2113,1.0
52,-sycophancy,true_head,-2.4694,-7.4503,-4.9809,1.0
53,neutral,prism_meandiff,7.2991,6.3026,-0.9966,0.933
53,neutral,true_head,-11.3461,-13.491,-2.145,0.933
53,+factuality,prism_meandiff,7.2991,9.6848,2.3856,1.067
53,+factuality,true_head,-11.3461,-7.076,4.2701,1.067
53,+helpfulness,prism_meandiff,7.2991,11.085,3.7859,0.978
53,+helpfulness,true_head,-11.3461,-4.7833,6.5627,0.978
53,+formatting,prism_meandiff,7.2991,-2.428,-9.7271,1.022
53,+formatting,true_head,-11.3461,-18.7579,-7.4119,1.022
53,-sycophancy,prism_meandiff,7.2991,-3.4283,-10.7274,0.978
53,-sycophancy,true_head,-11.3461,-26.7574,-15.4113,0.978
54,neutral,prism_meandiff,9.8839,7.7177,-2.1662,0.985
54,neutral,true_head,-2.9045,-6.9729,-4.0684,0.985
54,+factuality,prism_meandiff,9.8839,10.1123,0.2284,0.969
54,+factuality,true_head,-2.9045,-2.3895,0.515,0.969
54,+helpfulness,prism_meandiff,9.8839,9.5472,-0.3367,1.077
54,+helpfulness,true_head,-2.9045,-3.5238,-0.6194,1.077
54,+formatting,prism_meandiff,9.8839,-0.1988,-10.0827,1.092
54,+formatting,true_head,-2.9045,-10.0709,-7.1664,1.092
54,-sycophancy,prism_meandiff,9.8839,2.2938,-7.5902,0.938
54,-sycophancy,true_head,-2.9045,-18.1534,-15.2489,0.938
55,neutral,prism_meandiff,12.2576,9.7088,-2.5488,1.034
55,neutral,true_head,3.2169,-0.6186,-3.8355,1.034
55,+factuality,prism_meandiff,12.2576,11.6127,-0.6449,1.067
55,+factuality,true_head,3.2169,3.2492,0.0322,1.067
55,+helpfulness,prism_meandiff,12.2576,11.2598,-0.9978,1.124
55,+helpfulness,true_head,3.2169,2.1971,-1.0198,1.124
55,+formatting,prism_meandiff,12.2576,9.2631,-2.9946,1.101
55,+formatting,true_head,3.2169,1.1181,-2.0988,1.101
55,-sycophancy,prism_meandiff,12.2576,5.0303,-7.2273,1.056
55,-sycophancy,true_head,3.2169,-10.4863,-13.7032,1.056
56,neutral,prism_meandiff,-8.3245,-8.5614,-0.2369,0.943
56,neutral,true_head,-26.2133,-25.7838,0.4295,0.943
56,+factuality,prism_meandiff,-8.3245,-7.6283,0.6962,1.0
56,+factuality,true_head,-26.2133,-26.2907,-0.0774,1.0
56,+helpfulness,prism_meandiff,-8.3245,-11.7158,-3.3913,1.043
56,+helpfulness,true_head,-26.2133,-31.8485,-5.6352,1.043
56,+formatting,prism_meandiff,-8.3245,-11.7376,-3.413,1.0
56,+formatting,true_head,-26.2133,-27.8634,-1.6501,1.0
56,-sycophancy,prism_meandiff,-8.3245,-9.6774,-1.3529,0.907
56,-sycophancy,true_head,-26.2133,-28.8386,-2.6252,0.907
57,neutral,prism_meandiff,3.3589,2.6334,-0.7255,0.953
57,neutral,true_head,-13.0417,-13.4006,-0.3588,0.953
57,+factuality,prism_meandiff,3.3589,3.5493,0.1904,1.007
57,+factuality,true_head,-13.0417,-13.1495,-0.1077,1.007
57,+helpfulness,prism_meandiff,3.3589,3.729,0.3701,1.108
57,+helpfulness,true_head,-13.0417,-14.9526,-1.9108,1.108
57,+formatting,prism_meandiff,3.3589,1.3024,-2.0565,1.007
57,+formatting,true_head,-13.0417,-12.9289,0.1128,1.007
57,-sycophancy,prism_meandiff,3.3589,-0.9464,-4.3053,1.02
57,-sycophancy,true_head,-13.0417,-20.4533,-7.4116,1.02
58,neutral,prism_meandiff,-1.9498,-3.0835,-1.1338,0.95
58,neutral,true_head,-17.7685,-19.2729,-1.5043,0.95
58,+factuality,prism_meandiff,-1.9498,-4.2318,-2.282,1.058
58,+factuality,true_head,-17.7685,-19.0238,-1.2552,1.058
58,+helpfulness,prism_meandiff,-1.9498,-0.3376,1.6122,1.151
58,+helpfulness,true_head,-17.7685,-15.5076,2.2609,1.151
58,+formatting,prism_meandiff,-1.9498,-7.2961,-5.3463,1.043
58,+formatting,true_head,-17.7685,-20.081,-2.3125,1.043
58,-sycophancy,prism_meandiff,-1.9498,-3.2106,-1.2608,0.885
58,-sycophancy,true_head,-17.7685,-19.0576,-1.2891,0.885
59,neutral,prism_meandiff,5.4753,3.9645,-1.5108,0.934
59,neutral,true_head,-5.9884,-10.6098,-4.6214,0.934
59,+factuality,prism_meandiff,5.4753,5.1344,-0.3409,1.12
59,+factuality,true_head,-5.9884,-5.3205,0.6679,1.12
59,+helpfulness,prism_meandiff,5.4753,5.7904,0.3151,1.127
59,+helpfulness,true_head,-5.9884,-3.9781,2.0102,1.127
59,+formatting,prism_meandiff,5.4753,2.4952,-2.9801,1.036
59,+formatting,true_head,-5.9884,-5.2644,0.724,1.036
59,-sycophancy,prism_meandiff,5.4753,1.4812,-3.9941,0.988
59,-sycophancy,true_head,-5.9884,-10.142,-4.1536,0.988
60,neutral,prism_meandiff,1.8231,0.6616,-1.1616,0.995
60,neutral,true_head,-8.8593,-11.0617,-2.2024,0.995
60,+factuality,prism_meandiff,1.8231,2.054,0.2308,1.082
60,+factuality,true_head,-8.8593,-9.5445,-0.6852,1.082
60,+helpfulness,prism_meandiff,1.8231,1.7911,-0.032,1.108
60,+helpfulness,true_head,-8.8593,-10.1258,-1.2665,1.108
60,+formatting,prism_meandiff,1.8231,0.1343,-1.6888,1.052
60,+formatting,true_head,-8.8593,-9.5888,-0.7295,1.052
60,-sycophancy,prism_meandiff,1.8231,-2.265,-4.0881,1.046
60,-sycophancy,true_head,-8.8593,-15.6359,-6.7766,1.046
61,neutral,prism_meandiff,-1.7889,-3.004,-1.2151,0.892
61,neutral,true_head,-22.885,-26.8267,-3.9417,0.892
61,+factuality,prism_meandiff,-1.7889,-2.1111,-0.3222,0.973
61,+factuality,true_head,-22.885,-22.3066,0.5784,0.973
61,+helpfulness,prism_meandiff,-1.7889,-0.1575,1.6313,0.935
61,+helpfulness,true_head,-22.885,-18.1987,4.6863,0.935
61,+formatting,prism_meandiff,-1.7889,-5.7303,-3.9414,1.022
61,+formatting,true_head,-22.885,-25.4928,-2.6077,1.022
61,-sycophancy,prism_meandiff,-1.7889,-2.9787,-1.1898,0.952
61,-sycophancy,true_head,-22.885,-24.8268,-1.9418,0.952
62,neutral,prism_meandiff,8.0943,6.6325,-1.4618,0.955
62,neutral,true_head,-5.8311,-6.2381,-0.407,0.955
62,+factuality,prism_meandiff,8.0943,8.2117,0.1174,1.023
62,+factuality,true_head,-5.8311,-4.4495,1.3816,1.023
62,+helpfulness,prism_meandiff,8.0943,4.3866,-3.7078,1.068
62,+helpfulness,true_head,-5.8311,-16.3938,-10.5626,1.068
62,+formatting,prism_meandiff,8.0943,4.6374,-3.457,1.091
62,+formatting,true_head,-5.8311,-5.9491,-0.118,1.091
62,-sycophancy,prism_meandiff,8.0943,-4.9389,-13.0332,0.955
62,-sycophancy,true_head,-5.8311,-29.9993,-24.1682,0.955
63,neutral,prism_meandiff,3.8161,-0.3163,-4.1324,1.0
63,neutral,true_head,-14.2675,-18.0659,-3.7984,1.0
63,+factuality,prism_meandiff,3.8161,3.9871,0.171,0.974
63,+factuality,true_head,-14.2675,-13.5716,0.6959,0.974
63,+helpfulness,prism_meandiff,3.8161,1.9079,-1.9082,1.026
63,+helpfulness,true_head,-14.2675,-15.3366,-1.069,1.026
63,+formatting,prism_meandiff,3.8161,-0.8257,-4.6418,1.026
63,+formatting,true_head,-14.2675,-16.8412,-2.5737,1.026
63,-sycophancy,prism_meandiff,3.8161,2.7591,-1.0571,1.0
63,-sycophancy,true_head,-14.2675,-15.6866,-1.4191,1.0
64,neutral,prism_meandiff,3.0696,0.4633,-2.6063,0.94
64,neutral,true_head,-11.4535,-13.9838,-2.5303,0.94
64,+factuality,prism_meandiff,3.0696,1.8393,-1.2304,0.985
64,+factuality,true_head,-11.4535,-12.5101,-1.0566,0.985
64,+helpfulness,prism_meandiff,3.0696,1.5713,-1.4983,1.052
64,+helpfulness,true_head,-11.4535,-14.3567,-2.9032,1.052
64,+formatting,prism_meandiff,3.0696,-1.5905,-4.6601,1.067
64,+formatting,true_head,-11.4535,-14.9045,-3.451,1.067
64,-sycophancy,prism_meandiff,3.0696,-3.6712,-6.7408,0.836
64,-sycophancy,true_head,-11.4535,-21.7132,-10.2597,0.836
65,neutral,prism_meandiff,5.68,2.862,-2.818,0.875
65,neutral,true_head,-6.7379,-8.1403,-1.4024,0.875
65,+factuality,prism_meandiff,5.68,3.7296,-1.9504,0.958
65,+factuality,true_head,-6.7379,-8.093,-1.3551,0.958
65,+helpfulness,prism_meandiff,5.68,3.2852,-2.3948,1.042
65,+helpfulness,true_head,-6.7379,-8.1213,-1.3834,1.042
65,+formatting,prism_meandiff,5.68,0.9845,-4.6955,1.0
65,+formatting,true_head,-6.7379,-9.4693,-2.7313,1.0
65,-sycophancy,prism_meandiff,5.68,1.1355,-4.5445,0.958
65,-sycophancy,true_head,-6.7379,-11.1675,-4.4295,0.958
66,neutral,prism_meandiff,9.9339,9.5281,-0.4058,0.974
66,neutral,true_head,-3.5813,-6.3564,-2.7751,0.974
66,+factuality,prism_meandiff,9.9339,9.2593,-0.6746,1.013
66,+factuality,true_head,-3.5813,-3.9881,-0.4068,1.013
66,+helpfulness,prism_meandiff,9.9339,10.0967,0.1629,1.051
66,+helpfulness,true_head,-3.5813,-1.5396,2.0417,1.051
66,+formatting,prism_meandiff,9.9339,5.055,-4.8789,1.013
66,+formatting,true_head,-3.5813,-4.2495,-0.6682,1.013
66,-sycophancy,prism_meandiff,9.9339,5.5198,-4.414,0.936
66,-sycophancy,true_head,-3.5813,-11.4261,-7.8448,0.936
67,neutral,prism_meandiff,12.3824,8.4038,-3.9786,0.8
67,neutral,true_head,0.9229,-3.6797,-4.6026,0.8
67,+factuality,prism_meandiff,12.3824,12.936,0.5536,0.983
67,+factuality,true_head,0.9229,1.4561,0.5332,0.983
67,+helpfulness,prism_meandiff,12.3824,8.8142,-3.5682,0.933
67,+helpfulness,true_head,0.9229,-4.9404,-5.8633,0.933
67,+formatting,prism_meandiff,12.3824,8.6894,-3.693,1.083
67,+formatting,true_head,0.9229,-1.7725,-2.6954,1.083
67,-sycophancy,prism_meandiff,12.3824,7.3627,-5.0197,0.967
67,-sycophancy,true_head,0.9229,-4.8337,-5.7566,0.967
68,neutral,prism_meandiff,10.429,10.3214,-0.1076,0.897
68,neutral,true_head,4.1081,4.3819,0.2738,0.897
68,+factuality,prism_meandiff,10.429,9.4542,-0.9749,1.062
68,+factuality,true_head,4.1081,4.4054,0.2974,1.062
68,+helpfulness,prism_meandiff,10.429,12.0675,1.6385,1.068
68,+helpfulness,true_head,4.1081,6.7685,2.6604,1.068
68,+formatting,prism_meandiff,10.429,6.8618,-3.5672,1.062
68,+formatting,true_head,4.1081,0.3971,-3.711,1.062
68,-sycophancy,prism_meandiff,10.429,5.9849,-4.4442,0.89
68,-sycophancy,true_head,4.1081,-0.8978,-5.0059,0.89
69,neutral,prism_meandiff,12.0365,11.0236,-1.0129,1.0
69,neutral,true_head,1.5568,0.7426,-0.8142,1.0
69,+factuality,prism_meandiff,12.0365,11.7443,-0.2921,1.048
69,+factuality,true_head,1.5568,1.2732,-0.2837,1.048
69,+helpfulness,prism_meandiff,12.0365,9.1053,-2.9312,1.095
69,+helpfulness,true_head,1.5568,0.3011,-1.2557,1.095
69,+formatting,prism_meandiff,12.0365,8.722,-3.3145,1.0
69,+formatting,true_head,1.5568,0.2411,-1.3158,1.0
69,-sycophancy,prism_meandiff,12.0365,4.6219,-7.4146,1.048
69,-sycophancy,true_head,1.5568,-6.8888,-8.4456,1.048
70,neutral,prism_meandiff,5.4491,3.4647,-1.9844,1.0
70,neutral,true_head,-11.3746,-12.7481,-1.3735,1.0
70,+factuality,prism_meandiff,5.4491,6.0181,0.5689,0.947
70,+factuality,true_head,-11.3746,-9.0127,2.3618,0.947
70,+helpfulness,prism_meandiff,5.4491,4.2977,-1.1514,1.026
70,+helpfulness,true_head,-11.3746,-10.4332,0.9414,1.026
70,+formatting,prism_meandiff,5.4491,-1.9263,-7.3754,1.079
70,+formatting,true_head,-11.3746,-13.9549,-2.5803,1.079
70,-sycophancy,prism_meandiff,5.4491,-4.6261,-10.0752,0.868
70,-sycophancy,true_head,-11.3746,-24.643,-13.2684,0.868
71,neutral,prism_meandiff,4.8568,4.5019,-0.3549,0.971
71,neutral,true_head,-4.7159,-6.2116,-1.4957,0.971
71,+factuality,prism_meandiff,4.8568,4.8793,0.0225,0.983
71,+factuality,true_head,-4.7159,-5.1671,-0.4512,0.983
71,+helpfulness,prism_meandiff,4.8568,7.8347,2.9779,1.098
71,+helpfulness,true_head,-4.7159,0.4181,5.134,1.098
71,+formatting,prism_meandiff,4.8568,-0.07,-4.9268,0.931
71,+formatting,true_head,-4.7159,-7.3452,-2.6292,0.931
71,-sycophancy,prism_meandiff,4.8568,2.0477,-2.809,0.838
71,-sycophancy,true_head,-4.7159,-9.1225,-4.4066,0.838
72,neutral,prism_meandiff,6.0865,4.4079,-1.6785,0.974
72,neutral,true_head,-4.3381,-9.4464,-5.1083,0.974
72,+factuality,prism_meandiff,6.0865,5.7906,-0.2959,1.0
72,+factuality,true_head,-4.3381,-4.4795,-0.1414,1.0
72,+helpfulness,prism_meandiff,6.0865,7.4288,1.3424,1.026
72,+helpfulness,true_head,-4.3381,-2.0515,2.2866,1.026
72,+formatting,prism_meandiff,6.0865,4.8823,-1.2041,1.006
72,+formatting,true_head,-4.3381,-2.5201,1.8179,1.006
72,-sycophancy,prism_meandiff,6.0865,5.0302,-1.0563,0.994
72,-sycophancy,true_head,-4.3381,-6.8991,-2.5611,0.994
73,neutral,prism_meandiff,3.9077,1.901,-2.0068,0.873
73,neutral,true_head,-5.5028,-7.5722,-2.0694,0.873
73,+factuality,prism_meandiff,3.9077,3.5006,-0.4071,0.945
73,+factuality,true_head,-5.5028,-5.6073,-0.1045,0.945
73,+helpfulness,prism_meandiff,3.9077,3.7655,-0.1423,1.018
73,+helpfulness,true_head,-5.5028,-5.7308,-0.228,1.018
73,+formatting,prism_meandiff,3.9077,0.5608,-3.3469,1.109
73,+formatting,true_head,-5.5028,-5.9915,-0.4887,1.109
73,-sycophancy,prism_meandiff,3.9077,2.4305,-1.4772,1.018
73,-sycophancy,true_head,-5.5028,-7.9968,-2.494,1.018
74,neutral,prism_meandiff,7.6319,7.482,-0.1499,0.885
74,neutral,true_head,-2.9095,-6.3362,-3.4266,0.885
74,+factuality,prism_meandiff,7.6319,7.2432,-0.3887,1.098
74,+factuality,true_head,-2.9095,-4.134,-1.2245,1.098
74,+helpfulness,prism_meandiff,7.6319,6.9144,-0.7174,1.033
74,+helpfulness,true_head,-2.9095,-6.1377,-3.2282,1.033
74,+formatting,prism_meandiff,7.6319,4.9812,-2.6507,0.967
74,+formatting,true_head,-2.9095,-3.9853,-1.0758,0.967
74,-sycophancy,prism_meandiff,7.6319,1.7049,-5.927,1.0
74,-sycophancy,true_head,-2.9095,-17.1907,-14.2812,1.0
75,neutral,prism_meandiff,6.7425,4.3705,-2.372,0.835
75,neutral,true_head,2.1072,-0.8595,-2.9667,0.835
75,+factuality,prism_meandiff,6.7425,3.9251,-2.8174,1.103
75,+factuality,true_head,2.1072,-0.7603,-2.8675,1.103
75,+helpfulness,prism_meandiff,6.7425,8.0831,1.3406,1.062
75,+helpfulness,true_head,2.1072,4.8885,2.7812,1.062
75,+formatting,prism_meandiff,6.7425,7.7374,0.9949,1.144
75,+formatting,true_head,2.1072,8.3083,6.2011,1.144
75,-sycophancy,prism_meandiff,6.7425,4.7702,-1.9723,0.866
75,-sycophancy,true_head,2.1072,-2.0984,-4.2056,0.866
76,neutral,prism_meandiff,14.4742,12.4153,-2.059,0.917
76,neutral,true_head,7.5212,6.3029,-1.2183,0.917
76,+factuality,prism_meandiff,14.4742,14.348,-0.1262,1.073
76,+factuality,true_head,7.5212,10.0042,2.483,1.073
76,+helpfulness,prism_meandiff,14.4742,17.2981,2.8239,1.024
76,+helpfulness,true_head,7.5212,15.8246,8.3033,1.024
76,+formatting,prism_meandiff,14.4742,15.6887,1.2145,1.034
76,+formatting,true_head,7.5212,12.9961,5.4748,1.034
76,-sycophancy,prism_meandiff,14.4742,10.2121,-4.2622,1.029
76,-sycophancy,true_head,7.5212,0.5898,-6.9314,1.029
77,neutral,prism_meandiff,9.929,8.9238,-1.0051,0.913
77,neutral,true_head,2.1517,0.0207,-2.1309,0.913
77,+factuality,prism_meandiff,9.929,9.5246,-0.4043,1.049
77,+factuality,true_head,2.1517,0.7225,-1.4292,1.049
77,+helpfulness,prism_meandiff,9.929,12.5907,2.6617,1.066
77,+helpfulness,true_head,2.1517,9.0699,6.9182,1.066
77,+formatting,prism_meandiff,9.929,7.7983,-2.1307,1.071
77,+formatting,true_head,2.1517,4.1537,2.0021,1.071
77,-sycophancy,prism_meandiff,9.929,5.2804,-4.6486,0.962
77,-sycophancy,true_head,2.1517,-6.2904,-8.442,0.962
78,neutral,prism_meandiff,7.8111,5.5328,-2.2783,0.913
78,neutral,true_head,-8.132,-11.2736,-3.1416,0.913
78,+factuality,prism_meandiff,7.8111,7.7395,-0.0716,1.022
78,+factuality,true_head,-8.132,-7.9008,0.2312,1.022
78,+helpfulness,prism_meandiff,7.8111,9.6112,1.8001,0.957
78,+helpfulness,true_head,-8.132,-5.5043,2.6277,0.957
78,+formatting,prism_meandiff,7.8111,4.4929,-3.3182,1.043
78,+formatting,true_head,-8.132,-5.8916,2.2404,1.043
78,-sycophancy,prism_meandiff,7.8111,2.8372,-4.9739,0.891
78,-sycophancy,true_head,-8.132,-17.9308,-9.7988,0.891
79,neutral,prism_meandiff,7.1774,7.2835,0.1061,0.955
79,neutral,true_head,-1.3845,-1.7201,-0.3356,0.955
79,+factuality,prism_meandiff,7.1774,7.8541,0.6767,0.995
79,+factuality,true_head,-1.3845,0.8381,2.2226,0.995
79,+helpfulness,prism_meandiff,7.1774,12.479,5.3016,0.965
79,+helpfulness,true_head,-1.3845,10.2583,11.6427,0.965
79,+formatting,prism_meandiff,7.1774,6.1361,-1.0412,1.05
79,+formatting,true_head,-1.3845,0.5436,1.9281,1.05
79,-sycophancy,prism_meandiff,7.1774,8.982,1.8046,0.98
79,-sycophancy,true_head,-1.3845,0.6035,1.988,0.98
80,neutral,prism_meandiff,-3.8602,-3.2092,0.651,0.944
80,neutral,true_head,-14.3599,-14.2461,0.1138,0.944
80,+factuality,prism_meandiff,-3.8602,-4.0522,-0.1921,1.111
80,+factuality,true_head,-14.3599,-13.7913,0.5686,1.111
80,+helpfulness,prism_meandiff,-3.8602,6.1962,10.0563,0.88
80,+helpfulness,true_head,-14.3599,-1.4711,12.8888,0.88
80,+formatting,prism_meandiff,-3.8602,-4.565,-0.7049,0.926
80,+formatting,true_head,-14.3599,-11.9468,2.4131,0.926
80,-sycophancy,prism_meandiff,-3.8602,-2.1424,1.7178,0.981
80,-sycophancy,true_head,-14.3599,-11.2408,3.1191,0.981
81,neutral,prism_meandiff,-0.7695,-1.2617,-0.4922,0.841
81,neutral,true_head,-10.4292,-10.4192,0.01,0.841
81,+factuality,prism_meandiff,-0.7695,-1.2831,-0.5136,0.938
81,+factuality,true_head,-10.4292,-11.2296,-0.8004,0.938
81,+helpfulness,prism_meandiff,-0.7695,4.5817,5.3511,0.897
81,+helpfulness,true_head,-10.4292,-0.8333,9.5959,0.897
81,+formatting,prism_meandiff,-0.7695,3.1878,3.9573,1.0
81,+formatting,true_head,-10.4292,-1.082,9.3472,1.0
81,-sycophancy,prism_meandiff,-0.7695,-2.2931,-1.5236,0.938
81,-sycophancy,true_head,-10.4292,-12.2416,-1.8124,0.938
82,neutral,prism_meandiff,8.1363,7.0649,-1.0714,0.974
82,neutral,true_head,4.7316,4.3662,-0.3654,0.974
82,+factuality,prism_meandiff,8.1363,8.4377,0.3015,1.026
82,+factuality,true_head,4.7316,5.8149,1.0833,1.026
82,+helpfulness,prism_meandiff,8.1363,10.7665,2.6302,1.304
82,+helpfulness,true_head,4.7316,9.6957,4.9641,1.304
82,+formatting,prism_meandiff,8.1363,7.044,-1.0923,0.87
82,+formatting,true_head,4.7316,4.2225,-0.509,0.87
82,-sycophancy,prism_meandiff,8.1363,5.6919,-2.4444,0.878
82,-sycophancy,true_head,4.7316,1.2873,-3.4442,0.878
83,neutral,prism_meandiff,3.1755,2.5778,-0.5977,1.0
83,neutral,true_head,-3.9631,-4.9504,-0.9873,1.0
83,+factuality,prism_meandiff,3.1755,4.2744,1.0989,0.971
83,+factuality,true_head,-3.9631,-3.4867,0.4763,0.971
83,+helpfulness,prism_meandiff,3.1755,1.821,-1.3545,0.914
83,+helpfulness,true_head,-3.9631,-7.0264,-3.0634,0.914
83,+formatting,prism_meandiff,3.1755,-0.6055,-3.781,1.029
83,+formatting,true_head,-3.9631,-5.4152,-1.4521,1.029
83,-sycophancy,prism_meandiff,3.1755,-1.5874,-4.7629,1.029
83,-sycophancy,true_head,-3.9631,-10.6734,-6.7103,1.029
84,neutral,prism_meandiff,1.7787,0.6918,-1.0869,1.053
84,neutral,true_head,-7.9878,-11.1559,-3.1681,1.053
84,+factuality,prism_meandiff,1.7787,0.8886,-0.8902,1.035
84,+factuality,true_head,-7.9878,-8.716,-0.7282,1.035
84,+helpfulness,prism_meandiff,1.7787,4.4109,2.6321,1.105
84,+helpfulness,true_head,-7.9878,-8.9038,-0.916,1.105
84,+formatting,prism_meandiff,1.7787,-0.8308,-2.6095,0.965
84,+formatting,true_head,-7.9878,-11.1931,-3.2053,0.965
84,-sycophancy,prism_meandiff,1.7787,-0.6559,-2.4346,1.053
84,-sycophancy,true_head,-7.9878,-11.5954,-3.6076,1.053
85,neutral,prism_meandiff,1.7944,3.0163,1.2219,1.028
85,neutral,true_head,-8.7268,-7.442,1.2848,1.028
85,+factuality,prism_meandiff,1.7944,-0.0514,-1.8458,1.064
85,+factuality,true_head,-8.7268,-11.8118,-3.085,1.064
85,+helpfulness,prism_meandiff,1.7944,4.0821,2.2878,1.199
85,+helpfulness,true_head,-8.7268,-5.8036,2.9232,1.199
85,+formatting,prism_meandiff,1.7944,0.5992,-1.1952,1.071
85,+formatting,true_head,-8.7268,-7.5869,1.14,1.071
85,-sycophancy,prism_meandiff,1.7944,-0.0265,-1.8208,0.993
85,-sycophancy,true_head,-8.7268,-10.4735,-1.7467,0.993
86,neutral,prism_meandiff,5.2103,6.0192,0.8089,0.934
86,neutral,true_head,-2.7624,-1.101,1.6614,0.934
86,+factuality,prism_meandiff,5.2103,5.9164,0.7061,1.039
86,+factuality,true_head,-2.7624,-0.5597,2.2027,1.039
86,+helpfulness,prism_meandiff,5.2103,7.0334,1.8231,1.013
86,+helpfulness,true_head,-2.7624,-0.3833,2.3791,1.013
86,+formatting,prism_meandiff,5.2103,3.4024,-1.8079,1.053
86,+formatting,true_head,-2.7624,-6.1444,-3.382,1.053
86,-sycophancy,prism_meandiff,5.2103,3.1408,-2.0695,1.0
86,-sycophancy,true_head,-2.7624,-8.6995,-5.9371,1.0
87,neutral,prism_meandiff,2.1483,-0.7505,-2.8988,1.0
87,neutral,true_head,-15.6085,-18.0426,-2.4341,1.0
87,+factuality,prism_meandiff,2.1483,0.928,-1.2202,1.067
87,+factuality,true_head,-15.6085,-16.409,-0.8005,1.067
87,+helpfulness,prism_meandiff,2.1483,-3.918,-6.0663,1.033
87,+helpfulness,true_head,-15.6085,-26.6854,-11.0769,1.033
87,+formatting,prism_meandiff,2.1483,-0.6518,-2.8,1.033
87,+formatting,true_head,-15.6085,-14.9717,0.6368,1.033
87,-sycophancy,prism_meandiff,2.1483,-0.3625,-2.5108,0.933
87,-sycophancy,true_head,-15.6085,-21.2769,-5.6684,0.933
88,neutral,prism_meandiff,11.671,11.3763,-0.2947,1.0
88,neutral,true_head,-1.7669,-2.3622,-0.5954,1.0
88,+factuality,prism_meandiff,11.671,11.3859,-0.2851,1.091
88,+factuality,true_head,-1.7669,-2.003,-0.2361,1.091
88,+helpfulness,prism_meandiff,11.671,11.0446,-0.6264,1.045
88,+helpfulness,true_head,-1.7669,-4.0019,-2.235,1.045
88,+formatting,prism_meandiff,11.671,6.5089,-5.1622,1.023
88,+formatting,true_head,-1.7669,-3.6128,-1.8459,1.023
88,-sycophancy,prism_meandiff,11.671,5.1252,-6.5458,0.955
88,-sycophancy,true_head,-1.7669,-11.2544,-9.4875,0.955
89,neutral,prism_meandiff,14.0801,7.0193,-7.0607,1.0
89,neutral,true_head,6.2021,-2.3116,-8.5138,1.0
89,+factuality,prism_meandiff,14.0801,14.336,0.2559,1.1
89,+factuality,true_head,6.2021,6.2317,0.0296,1.1
89,+helpfulness,prism_meandiff,14.0801,9.3335,-4.7466,1.033
89,+helpfulness,true_head,6.2021,1.9838,-4.2183,1.033
89,+formatting,prism_meandiff,14.0801,8.9621,-5.118,1.1
89,+formatting,true_head,6.2021,4.4237,-1.7784,1.1
89,-sycophancy,prism_meandiff,14.0801,10.1857,-3.8943,1.0
89,-sycophancy,true_head,6.2021,0.4508,-5.7513,1.0
90,neutral,prism_meandiff,13.2546,11.2206,-2.034,1.0
90,neutral,true_head,8.3214,6.7704,-1.551,1.0
90,+factuality,prism_meandiff,13.2546,12.8727,-0.3819,1.0
90,+factuality,true_head,8.3214,7.889,-0.4325,1.0
90,+helpfulness,prism_meandiff,13.2546,10.7151,-2.5395,1.0
90,+helpfulness,true_head,8.3214,3.6922,-4.6292,1.0
90,+formatting,prism_meandiff,13.2546,9.8597,-3.3949,1.0
90,+formatting,true_head,8.3214,6.9942,-1.3272,1.0
90,-sycophancy,prism_meandiff,13.2546,3.3609,-9.8937,1.043
90,-sycophancy,true_head,8.3214,-2.8434,-11.1648,1.043
91,neutral,prism_meandiff,10.8981,8.1954,-2.7027,0.925
91,neutral,true_head,-0.2868,-4.0218,-3.735,0.925
91,+factuality,prism_meandiff,10.8981,7.4023,-3.4958,1.125
91,+factuality,true_head,-0.2868,-6.5884,-6.3016,1.125
91,+helpfulness,prism_meandiff,10.8981,-2.4719,-13.37,1.0
91,+helpfulness,true_head,-0.2868,-19.485,-19.1982,1.0
91,+formatting,prism_meandiff,10.8981,6.9821,-3.916,1.125
91,+formatting,true_head,-0.2868,-3.2557,-2.969,1.125
91,-sycophancy,prism_meandiff,10.8981,6.4258,-4.4723,1.125
91,-sycophancy,true_head,-0.2868,-7.373,-7.0863,1.125
92,neutral,prism_meandiff,10.1389,6.0241,-4.1149,0.857
92,neutral,true_head,-4.3618,-6.7891,-2.4272,0.857
92,+factuality,prism_meandiff,10.1389,9.0062,-1.1328,1.027
92,+factuality,true_head,-4.3618,-4.3111,0.0507,1.027
92,+helpfulness,prism_meandiff,10.1389,8.1329,-2.0061,1.161
92,+helpfulness,true_head,-4.3618,-2.253,2.1088,1.161
92,+formatting,prism_meandiff,10.1389,3.8449,-6.294,1.17
92,+formatting,true_head,-4.3618,-4.5096,-0.1477,1.17
92,-sycophancy,prism_meandiff,10.1389,5.1135,-5.0254,0.982
92,-sycophancy,true_head,-4.3618,-8.0692,-3.7074,0.982
93,neutral,prism_meandiff,6.6564,6.9326,0.2762,1.0
93,neutral,true_head,-7.1404,-7.5266,-0.3862,1.0
93,+factuality,prism_meandiff,6.6564,6.0352,-0.6213,1.034
93,+factuality,true_head,-7.1404,-6.612,0.5284,1.034
93,+helpfulness,prism_meandiff,6.6564,5.3932,-1.2633,1.034
93,+helpfulness,true_head,-7.1404,-8.2076,-1.0673,1.034
93,+formatting,prism_meandiff,6.6564,2.9503,-3.7062,0.949
93,+formatting,true_head,-7.1404,-9.1041,-1.9638,0.949
93,-sycophancy,prism_meandiff,6.6564,-0.9122,-7.5687,0.966
93,-sycophancy,true_head,-7.1404,-20.1535,-13.0132,0.966
94,neutral,prism_meandiff,9.3136,8.9427,-0.3709,0.966
94,neutral,true_head,-3.0355,-2.5991,0.4364,0.966
94,+factuality,prism_meandiff,9.3136,8.4853,-0.8283,1.034
94,+factuality,true_head,-3.0355,-3.2799,-0.2444,1.034
94,+helpfulness,prism_meandiff,9.3136,7.3656,-1.948,1.048
94,+helpfulness,true_head,-3.0355,-0.6126,2.4229,1.048
94,+formatting,prism_meandiff,9.3136,6.1399,-3.1737,1.02
94,+formatting,true_head,-3.0355,-4.1804,-1.1449,1.02
94,-sycophancy,prism_meandiff,9.3136,3.7561,-5.5575,1.061
94,-sycophancy,true_head,-3.0355,-9.6418,-6.6063,1.061
95,neutral,prism_meandiff,10.546,8.6672,-1.8788,0.993
95,neutral,true_head,-0.6674,-1.3655,-0.6981,0.993
95,+factuality,prism_meandiff,10.546,9.5614,-0.9845,1.0
95,+factuality,true_head,-0.6674,-1.2692,-0.6018,1.0
95,+helpfulness,prism_meandiff,10.546,11.5419,0.996,1.118
95,+helpfulness,true_head,-0.6674,-0.277,0.3904,1.118
95,+formatting,prism_meandiff,10.546,7.0776,-3.4684,1.02
95,+formatting,true_head,-0.6674,1.0771,1.7445,1.02
95,-sycophancy,prism_meandiff,10.546,7.2174,-3.3286,0.974
95,-sycophancy,true_head,-0.6674,-3.3926,-2.7252,0.974
96,neutral,prism_meandiff,7.6672,2.4383,-5.2289,0.951
96,neutral,true_head,-8.0303,-16.8373,-8.807,0.951
96,+factuality,prism_meandiff,7.6672,7.7403,0.0731,1.012
96,+factuality,true_head,-8.0303,-8.1998,-0.1695,1.012
96,+helpfulness,prism_meandiff,7.6672,3.7579,-3.9093,0.976
96,+helpfulness,true_head,-8.0303,-14.936,-6.9057,0.976
96,+formatting,prism_meandiff,7.6672,3.1306,-4.5366,1.085
96,+formatting,true_head,-8.0303,-9.3521,-1.3218,1.085
96,-sycophancy,prism_meandiff,7.6672,-4.3091,-11.9763,0.915
96,-sycophancy,true_head,-8.0303,-26.4034,-18.3731,0.915
97,neutral,prism_meandiff,12.0237,6.281,-5.7426,0.91
97,neutral,true_head,1.4029,-6.8064,-8.2093,0.91
97,+factuality,prism_meandiff,12.0237,10.6101,-1.4135,1.113
97,+factuality,true_head,1.4029,1.0513,-0.3516,1.113
97,+helpfulness,prism_meandiff,12.0237,14.033,2.0093,1.053
97,+helpfulness,true_head,1.4029,5.9292,4.5263,1.053
97,+formatting,prism_meandiff,12.0237,11.3786,-0.6451,1.06
97,+formatting,true_head,1.4029,4.62,3.2171,1.06
97,-sycophancy,prism_meandiff,12.0237,4.4438,-7.5799,0.977
97,-sycophancy,true_head,1.4029,-9.9182,-11.3211,0.977
98,neutral,prism_meandiff,8.7535,6.3814,-2.372,0.885
98,neutral,true_head,-3.7539,-4.7923,-1.0384,0.885
98,+factuality,prism_meandiff,8.7535,8.3215,-0.432,1.047
98,+factuality,true_head,-3.7539,-3.5033,0.2506,1.047
98,+helpfulness,prism_meandiff,8.7535,11.0994,2.3459,1.108
98,+helpfulness,true_head,-3.7539,0.435,4.1889,1.108
98,+formatting,prism_meandiff,8.7535,5.1337,-3.6197,1.007
98,+formatting,true_head,-3.7539,-2.7206,1.0333,1.007
98,-sycophancy,prism_meandiff,8.7535,1.8867,-6.8668,0.953
98,-sycophancy,true_head,-3.7539,-11.8522,-8.0983,0.953
99,neutral,prism_meandiff,-15.292,-14.8805,0.4114,0.984
99,neutral,true_head,-35.8104,-35.2743,0.536,0.984
99,+factuality,prism_meandiff,-15.292,-14.7707,0.5213,0.874
99,+factuality,true_head,-35.8104,-39.215,-3.4046,0.874
99,+helpfulness,prism_meandiff,-15.292,-15.5469,-0.2549,0.927
99,+helpfulness,true_head,-35.8104,-40.1649,-4.3546,0.927
99,+formatting,prism_meandiff,-15.292,-17.9393,-2.6473,1.026
99,+formatting,true_head,-35.8104,-37.5908,-1.7804,1.026
99,-sycophancy,prism_meandiff,-15.292,-16.308,-1.016,0.89
99,-sycophancy,true_head,-35.8104,-38.9231,-3.1127,0.89
