sample,edit,direction,score_orig,score_edit,delta
0,+factuality,prism_meandiff,-14.5156,-7.945,6.5705
0,+factuality,true_head,-30.2297,-32.7529,-2.5232
0,+helpfulness,prism_meandiff,-14.5156,-7.9533,6.5622
0,+helpfulness,true_head,-30.2297,-30.395,-0.1653
0,+formatting,prism_meandiff,-14.5156,-18.2167,-3.7012
0,+formatting,true_head,-30.2297,-34.3,-4.0704
0,-sycophancy,prism_meandiff,-14.5156,-16.0401,-1.5245
0,-sycophancy,true_head,-30.2297,-40.0177,-9.788
0,+length_ctrl,prism_meandiff,-14.5156,-10.6624,3.8532
0,+length_ctrl,true_head,-30.2297,-33.0059,-2.7762
1,+factuality,prism_meandiff,5.7431,0.7591,-4.9841
1,+factuality,true_head,-5.4255,-16.0484,-10.6228
1,+helpfulness,prism_meandiff,5.7431,4.3109,-1.4322
1,+helpfulness,true_head,-5.4255,-5.9538,-0.5283
1,+formatting,prism_meandiff,5.7431,2.071,-3.6721
1,+formatting,true_head,-5.4255,-6.6453,-1.2198
1,-sycophancy,prism_meandiff,5.7431,4.7337,-1.0094
1,-sycophancy,true_head,-5.4255,-5.6659,-0.2404
1,+length_ctrl,prism_meandiff,5.7431,3.1038,-2.6393
1,+length_ctrl,true_head,-5.4255,-8.0361,-2.6106
2,+factuality,prism_meandiff,3.9292,4.1318,0.2027
2,+factuality,true_head,-4.3926,-4.9306,-0.538
2,+helpfulness,prism_meandiff,3.9292,4.1479,0.2187
2,+helpfulness,true_head,-4.3926,-4.2637,0.1289
2,+formatting,prism_meandiff,3.9292,0.7705,-3.1587
2,+formatting,true_head,-4.3926,-5.3631,-0.9705
2,-sycophancy,prism_meandiff,3.9292,1.8169,-2.1123
2,-sycophancy,true_head,-4.3926,-6.5661,-2.1735
2,+length_ctrl,prism_meandiff,3.9292,2.0612,-1.8679
2,+length_ctrl,true_head,-4.3926,-7.9447,-3.5521
3,+factuality,prism_meandiff,7.3579,4.973,-2.3849
3,+factuality,true_head,-4.3949,-12.2577,-7.8628
3,+helpfulness,prism_meandiff,7.3579,6.9545,-0.4034
3,+helpfulness,true_head,-4.3949,-4.0241,0.3708
3,+formatting,prism_meandiff,7.3579,3.4623,-3.8956
3,+formatting,true_head,-4.3949,-6.659,-2.264
3,-sycophancy,prism_meandiff,7.3579,1.6548,-5.7031
3,-sycophancy,true_head,-4.3949,-11.7884,-7.3934
3,+length_ctrl,prism_meandiff,7.3579,6.7314,-0.6265
3,+length_ctrl,true_head,-4.3949,-3.8659,0.529
4,+factuality,prism_meandiff,7.4731,6.9253,-0.5478
4,+factuality,true_head,-4.3378,-4.9789,-0.6411
4,+helpfulness,prism_meandiff,7.4731,10.0133,2.5401
4,+helpfulness,true_head,-4.3378,-0.083,4.2548
4,+formatting,prism_meandiff,7.4731,4.4795,-2.9937
4,+formatting,true_head,-4.3378,-5.705,-1.3672
4,-sycophancy,prism_meandiff,7.4731,5.5258,-1.9473
4,-sycophancy,true_head,-4.3378,-6.6757,-2.3379
4,+length_ctrl,prism_meandiff,7.4731,5.3049,-2.1682
4,+length_ctrl,true_head,-4.3378,-6.0804,-1.7425
5,+factuality,prism_meandiff,6.7641,9.6627,2.8986
5,+factuality,true_head,-4.1874,-0.0083,4.1791
5,+helpfulness,prism_meandiff,6.7641,11.2936,4.5294
5,+helpfulness,true_head,-4.1874,3.3574,7.5448
5,+formatting,prism_meandiff,6.7641,4.9254,-1.8388
5,+formatting,true_head,-4.1874,-4.0296,0.1578
5,-sycophancy,prism_meandiff,6.7641,5.7129,-1.0513
5,-sycophancy,true_head,-4.1874,-4.2839,-0.0965
5,+length_ctrl,prism_meandiff,6.7641,5.6606,-1.1035
5,+length_ctrl,true_head,-4.1874,-3.7471,0.4403
6,+factuality,prism_meandiff,-1.836,0.3048,2.1408
6,+factuality,true_head,-16.5607,-16.2297,0.3311
6,+helpfulness,prism_meandiff,-1.836,0.6569,2.4929
6,+helpfulness,true_head,-16.5607,-15.3893,1.1714
6,+formatting,prism_meandiff,-1.836,-3.0227,-1.1867
6,+formatting,true_head,-16.5607,-18.4006,-1.8399
6,-sycophancy,prism_meandiff,-1.836,-3.8968,-2.0608
6,-sycophancy,true_head,-16.5607,-23.0222,-6.4615
6,+length_ctrl,prism_meandiff,-1.836,0.5579,2.3939
6,+length_ctrl,true_head,-16.5607,-14.2086,2.3521
7,+factuality,prism_meandiff,2.6814,2.096,-0.5854
7,+factuality,true_head,-13.8824,-16.7556,-2.8732
7,+helpfulness,prism_meandiff,2.6814,2.2572,-0.4242
7,+helpfulness,true_head,-13.8824,-17.3704,-3.488
7,+formatting,prism_meandiff,2.6814,-4.948,-7.6294
7,+formatting,true_head,-13.8824,-19.4099,-5.5275
7,-sycophancy,prism_meandiff,2.6814,-7.6381,-10.3194
7,-sycophancy,true_head,-13.8824,-25.9239,-12.0415
7,+length_ctrl,prism_meandiff,2.6814,0.3054,-2.376
7,+length_ctrl,true_head,-13.8824,-16.379,-2.4965
8,+factuality,prism_meandiff,-7.8686,-7.9219,-0.0533
8,+factuality,true_head,-22.1281,-22.8465,-0.7184
8,+helpfulness,prism_meandiff,-7.8686,10.0239,17.8925
8,+helpfulness,true_head,-22.1281,1.3787,23.5068
8,+formatting,prism_meandiff,-7.8686,-10.508,-2.6395
8,+formatting,true_head,-22.1281,-20.9339,1.1942
8,-sycophancy,prism_meandiff,-7.8686,3.1264,10.995
8,-sycophancy,true_head,-22.1281,-8.2314,13.8967
8,+length_ctrl,prism_meandiff,-7.8686,3.0984,10.9669
8,+length_ctrl,true_head,-22.1281,-8.1864,13.9416
9,+factuality,prism_meandiff,-6.1057,-4.1429,1.9628
9,+factuality,true_head,-29.0027,-25.5827,3.42
9,+helpfulness,prism_meandiff,-6.1057,-9.649,-3.5433
9,+helpfulness,true_head,-29.0027,-32.7731,-3.7703
9,+formatting,prism_meandiff,-6.1057,-6.9081,-0.8024
9,+formatting,true_head,-29.0027,-27.0644,1.9383
9,-sycophancy,prism_meandiff,-6.1057,-10.6889,-4.5832
9,-sycophancy,true_head,-29.0027,-35.4725,-6.4697
9,+length_ctrl,prism_meandiff,-6.1057,-4.6788,1.4269
9,+length_ctrl,true_head,-29.0027,-26.2302,2.7725
10,+factuality,prism_meandiff,6.3902,2.8235,-3.5666
10,+factuality,true_head,-6.6443,-11.8624,-5.2182
10,+helpfulness,prism_meandiff,6.3902,6.2912,-0.099
10,+helpfulness,true_head,-6.6443,-7.0772,-0.433
10,-sycophancy,prism_meandiff,6.3902,0.4155,-5.9747
10,-sycophancy,true_head,-6.6443,-15.3294,-8.6851
10,+length_ctrl,prism_meandiff,6.3902,4.7191,-1.671
10,+length_ctrl,true_head,-6.6443,-8.2348,-1.5906
11,+factuality,prism_meandiff,-0.0695,5.9748,6.0443
11,+factuality,true_head,-15.4498,-8.3811,7.0687
11,+helpfulness,prism_meandiff,-0.0695,7.1569,7.2263
11,+helpfulness,true_head,-15.4498,-4.5605,10.8893
11,+formatting,prism_meandiff,-0.0695,2.3101,2.3796
11,+formatting,true_head,-15.4498,-10.6428,4.807
11,-sycophancy,prism_meandiff,-0.0695,0.3936,0.4631
11,-sycophancy,true_head,-15.4498,-14.7248,0.725
11,+length_ctrl,prism_meandiff,-0.0695,3.1464,3.2158
11,+length_ctrl,true_head,-15.4498,-9.7081,5.7417
12,+factuality,prism_meandiff,6.2052,9.1295,2.9243
12,+factuality,true_head,-5.4364,-3.9417,1.4947
12,+helpfulness,prism_meandiff,6.2052,5.9064,-0.2988
12,+helpfulness,true_head,-5.4364,-9.7882,-4.3518
12,+formatting,prism_meandiff,6.2052,-0.1723,-6.3775
12,+formatting,true_head,-5.4364,-10.7453,-5.309
12,-sycophancy,prism_meandiff,6.2052,-2.9225,-9.1277
12,-sycophancy,true_head,-5.4364,-20.4992,-15.0628
12,+length_ctrl,prism_meandiff,6.2052,4.3299,-1.8753
12,+length_ctrl,true_head,-5.4364,-10.1868,-4.7504
13,+factuality,prism_meandiff,9.0616,8.9408,-0.1209
13,+factuality,true_head,-2.1682,-2.044,0.1241
13,+helpfulness,prism_meandiff,9.0616,5.9775,-3.0842
13,+helpfulness,true_head,-2.1682,-3.844,-1.6758
13,+formatting,prism_meandiff,9.0616,4.7965,-4.2651
13,+formatting,true_head,-2.1682,-2.4464,-0.2783
13,-sycophancy,prism_meandiff,9.0616,4.8397,-4.2219
13,-sycophancy,true_head,-2.1682,-5.6447,-3.4765
13,+length_ctrl,prism_meandiff,9.0616,6.9274,-2.1342
13,+length_ctrl,true_head,-2.1682,-0.8765,1.2917
14,+factuality,prism_meandiff,8.4231,5.7747,-2.6485
14,+factuality,true_head,-6.6493,-9.4099,-2.7606
14,+helpfulness,prism_meandiff,8.4231,2.0556,-6.3675
14,+helpfulness,true_head,-6.6493,-11.8165,-5.1672
14,+formatting,prism_meandiff,8.4231,4.0994,-4.3237
14,+formatting,true_head,-6.6493,-10.7261,-4.0768
14,-sycophancy,prism_meandiff,8.4231,-0.0883,-8.5114
14,-sycophancy,true_head,-6.6493,-14.6164,-7.9671
14,+length_ctrl,prism_meandiff,8.4231,4.8635,-3.5596
14,+length_ctrl,true_head,-6.6493,-8.1448,-1.4955
15,+factuality,prism_meandiff,10.3563,9.3704,-0.9858
15,+factuality,true_head,-1.4542,-2.0387,-0.5845
15,+helpfulness,prism_meandiff,10.3563,5.7183,-4.6379
15,+helpfulness,true_head,-1.4542,-1.754,-0.2998
15,+formatting,prism_meandiff,10.3563,7.3635,-2.9928
15,+formatting,true_head,-1.4542,-1.0677,0.3865
15,-sycophancy,prism_meandiff,10.3563,2.2507,-8.1055
15,-sycophancy,true_head,-1.4542,-12.8421,-11.3879
15,+length_ctrl,prism_meandiff,10.3563,10.1507,-0.2055
15,+length_ctrl,true_head,-1.4542,2.2382,3.6924
16,+factuality,prism_meandiff,5.6808,3.3514,-2.3294
16,+factuality,true_head,-7.2777,-10.4874,-3.2096
16,+helpfulness,prism_meandiff,5.6808,0.2563,-5.4245
16,+helpfulness,true_head,-7.2777,-14.5056,-7.2279
16,+formatting,prism_meandiff,5.6808,2.4558,-3.225
16,+formatting,true_head,-7.2777,-8.2102,-0.9325
16,-sycophancy,prism_meandiff,5.6808,0.3139,-5.3669
16,-sycophancy,true_head,-7.2777,-12.6578,-5.3801
16,+length_ctrl,prism_meandiff,5.6808,7.6205,1.9397
16,+length_ctrl,true_head,-7.2777,-1.7981,5.4796
17,+factuality,prism_meandiff,6.1586,5.772,-0.3865
17,+factuality,true_head,-6.6902,-7.0487,-0.3585
17,+helpfulness,prism_meandiff,6.1586,5.7804,-0.3782
17,+helpfulness,true_head,-6.6902,-6.9214,-0.2312
17,+formatting,prism_meandiff,6.1586,0.0467,-6.1119
17,+formatting,true_head,-6.6902,-11.1764,-4.4862
17,-sycophancy,prism_meandiff,6.1586,-5.7899,-11.9484
17,-sycophancy,true_head,-6.6902,-24.2702,-17.58
17,+length_ctrl,prism_meandiff,6.1586,4.3828,-1.7757
17,+length_ctrl,true_head,-6.6902,-8.8839,-2.1936
18,+factuality,prism_meandiff,-1.3316,-5.7398,-4.4083
18,+factuality,true_head,-13.9242,-17.8127,-3.8886
18,+helpfulness,prism_meandiff,-1.3316,0.6411,1.9727
18,+helpfulness,true_head,-13.9242,-11.3945,2.5297
18,+formatting,prism_meandiff,-1.3316,-6.2742,-4.9426
18,+formatting,true_head,-13.9242,-17.2634,-3.3392
18,-sycophancy,prism_meandiff,-1.3316,-4.2102,-2.8786
18,-sycophancy,true_head,-13.9242,-21.1063,-7.1821
18,+length_ctrl,prism_meandiff,-1.3316,-2.4544,-1.1228
18,+length_ctrl,true_head,-13.9242,-18.0541,-4.13
19,+factuality,prism_meandiff,5.2939,5.2063,-0.0876
19,+factuality,true_head,-10.6896,-10.0548,0.6348
19,+helpfulness,prism_meandiff,5.2939,4.1577,-1.1362
19,+helpfulness,true_head,-10.6896,-7.7112,2.9785
19,+formatting,prism_meandiff,5.2939,2.9678,-2.3261
19,+formatting,true_head,-10.6896,-11.5646,-0.875
19,-sycophancy,prism_meandiff,5.2939,1.5543,-3.7396
19,-sycophancy,true_head,-10.6896,-13.7689,-3.0793
19,+length_ctrl,prism_meandiff,5.2939,3.9396,-1.3543
19,+length_ctrl,true_head,-10.6896,-10.4192,0.2704
20,+factuality,prism_meandiff,-12.98,-13.6769,-0.6969
20,+factuality,true_head,-29.323,-30.8277,-1.5047
20,+helpfulness,prism_meandiff,-12.98,-0.7712,12.2088
20,+helpfulness,true_head,-29.323,-15.7015,13.6215
20,+formatting,prism_meandiff,-12.98,-18.2394,-5.2594
20,+formatting,true_head,-29.323,-32.5935,-3.2705
20,-sycophancy,prism_meandiff,-12.98,-13.7203,-0.7403
20,-sycophancy,true_head,-29.323,-32.9898,-3.6669
20,+length_ctrl,prism_meandiff,-12.98,-10.8989,2.0811
20,+length_ctrl,true_head,-29.323,-25.431,3.892
21,+factuality,prism_meandiff,3.0673,2.9262,-0.1412
21,+factuality,true_head,-11.4283,-11.5702,-0.1419
21,+helpfulness,prism_meandiff,3.0673,6.31,3.2426
21,+helpfulness,true_head,-11.4283,-8.5908,2.8375
21,+formatting,prism_meandiff,3.0673,1.2702,-1.7971
21,+formatting,true_head,-11.4283,-12.31,-0.8817
21,-sycophancy,prism_meandiff,3.0673,-0.776,-3.8434
21,-sycophancy,true_head,-11.4283,-16.8976,-5.4693
21,+length_ctrl,prism_meandiff,3.0673,2.8512,-0.2161
21,+length_ctrl,true_head,-11.4283,-9.5138,1.9145
22,+factuality,prism_meandiff,-2.2382,1.7521,3.9903
22,+factuality,true_head,-15.4764,-13.345,2.1314
22,+helpfulness,prism_meandiff,-2.2382,0.4256,2.6638
22,+helpfulness,true_head,-15.4764,-18.1863,-2.7099
22,+formatting,prism_meandiff,-2.2382,-0.4971,1.7411
22,+formatting,true_head,-15.4764,-13.7288,1.7476
22,-sycophancy,prism_meandiff,-2.2382,-2.6434,-0.4051
22,-sycophancy,true_head,-15.4764,-20.3058,-4.8294
22,+length_ctrl,prism_meandiff,-2.2382,2.1627,4.4009
22,+length_ctrl,true_head,-15.4764,-14.3456,1.1308
23,+factuality,prism_meandiff,6.6823,6.0832,-0.5991
23,+factuality,true_head,-9.7063,-9.4029,0.3034
23,+helpfulness,prism_meandiff,6.6823,7.0401,0.3578
23,+helpfulness,true_head,-9.7063,-2.2068,7.4995
23,+formatting,prism_meandiff,6.6823,1.5589,-5.1234
23,+formatting,true_head,-9.7063,-9.3738,0.3325
23,-sycophancy,prism_meandiff,6.6823,-7.19,-13.8723
23,-sycophancy,true_head,-9.7063,-32.0373,-22.331
23,+length_ctrl,prism_meandiff,6.6823,5.4375,-1.2448
23,+length_ctrl,true_head,-9.7063,-9.1157,0.5906
24,+factuality,prism_meandiff,10.6327,10.6327,0.0
24,+factuality,true_head,2.9027,2.9027,0.0
24,+helpfulness,prism_meandiff,10.6327,-7.6379,-18.2707
24,+helpfulness,true_head,2.9027,-31.2999,-34.2027
24,+formatting,prism_meandiff,10.6327,4.3877,-6.245
24,+formatting,true_head,2.9027,-1.4127,-4.3154
24,-sycophancy,prism_meandiff,10.6327,-5.1781,-15.8108
24,-sycophancy,true_head,2.9027,-20.5638,-23.4665
24,+length_ctrl,prism_meandiff,10.6327,-11.4439,-22.0766
24,+length_ctrl,true_head,2.9027,-29.6612,-32.5639
25,+factuality,prism_meandiff,2.4939,6.1533,3.6594
25,+factuality,true_head,-7.6326,-2.1783,5.4543
25,+helpfulness,prism_meandiff,2.4939,-3.6205,-6.1144
25,+helpfulness,true_head,-7.6326,-18.899,-11.2665
25,+formatting,prism_meandiff,2.4939,1.2049,-1.289
25,+formatting,true_head,-7.6326,-4.1533,3.4792
25,-sycophancy,prism_meandiff,2.4939,-0.8287,-3.3227
25,-sycophancy,true_head,-7.6326,-10.9637,-3.3311
25,+length_ctrl,prism_meandiff,2.4939,-1.2559,-3.7498
25,+length_ctrl,true_head,-7.6326,-13.1661,-5.5335
26,+factuality,prism_meandiff,8.6411,8.6411,0.0
26,+factuality,true_head,-0.1702,-0.1702,0.0
26,+helpfulness,prism_meandiff,8.6411,8.9661,0.3251
26,+helpfulness,true_head,-0.1702,0.1434,0.3136
26,+formatting,prism_meandiff,8.6411,8.6411,0.0
26,+formatting,true_head,-0.1702,-0.1702,0.0
26,-sycophancy,prism_meandiff,8.6411,4.2328,-4.4083
26,-sycophancy,true_head,-0.1702,-5.1484,-4.9782
26,+length_ctrl,prism_meandiff,8.6411,5.7215,-2.9195
26,+length_ctrl,true_head,-0.1702,-3.0836,-2.9134
27,+factuality,prism_meandiff,1.8775,6.2361,4.3585
27,+factuality,true_head,-10.7601,-3.3443,7.4158
27,+helpfulness,prism_meandiff,1.8775,-0.1144,-1.992
27,+helpfulness,true_head,-10.7601,-9.3369,1.4232
27,+formatting,prism_meandiff,1.8775,0.0209,-1.8566
27,+formatting,true_head,-10.7601,-9.5811,1.179
27,-sycophancy,prism_meandiff,1.8775,-1.4906,-3.3682
27,-sycophancy,true_head,-10.7601,-11.4767,-0.7167
27,+length_ctrl,prism_meandiff,1.8775,-1.3005,-3.1781
27,+length_ctrl,true_head,-10.7601,-11.3149,-0.5548
28,+factuality,prism_meandiff,3.417,1.9361,-1.4809
28,+factuality,true_head,-6.0735,-6.5712,-0.4978
28,+helpfulness,prism_meandiff,3.417,4.3348,0.9178
28,+helpfulness,true_head,-6.0735,-3.3242,2.7493
28,+formatting,prism_meandiff,3.417,0.1523,-3.2646
28,+formatting,true_head,-6.0735,-8.2315,-2.158
28,-sycophancy,prism_meandiff,3.417,-0.2637,-3.6807
28,-sycophancy,true_head,-6.0735,-9.4375,-3.364
28,+length_ctrl,prism_meandiff,3.417,0.8476,-2.5694
28,+length_ctrl,true_head,-6.0735,-7.4077,-1.3342
29,+factuality,prism_meandiff,2.6302,2.7707,0.1405
29,+factuality,true_head,-8.8406,-7.1007,1.74
29,+helpfulness,prism_meandiff,2.6302,-7.7969,-10.4271
29,+helpfulness,true_head,-8.8406,-26.8871,-18.0465
29,+formatting,prism_meandiff,2.6302,-1.8696,-4.4998
29,+formatting,true_head,-8.8406,-10.8624,-2.0218
29,-sycophancy,prism_meandiff,2.6302,-2.8492,-5.4794
29,-sycophancy,true_head,-8.8406,-13.9753,-5.1347
29,+length_ctrl,prism_meandiff,2.6302,-0.0948,-2.725
29,+length_ctrl,true_head,-8.8406,-9.4567,-0.6161
30,+factuality,prism_meandiff,3.0205,5.1166,2.0961
30,+factuality,true_head,-8.0236,-3.8837,4.1399
30,+helpfulness,prism_meandiff,3.0205,-4.7887,-7.8092
30,+helpfulness,true_head,-8.0236,-17.0944,-9.0708
30,+formatting,prism_meandiff,3.0205,-2.0256,-5.0461
30,+formatting,true_head,-8.0236,-8.901,-0.8774
30,-sycophancy,prism_meandiff,3.0205,-2.7019,-5.7224
30,-sycophancy,true_head,-8.0236,-13.2742,-5.2506
30,+length_ctrl,prism_meandiff,3.0205,-0.8616,-3.8821
30,+length_ctrl,true_head,-8.0236,-10.7439,-2.7203
31,+factuality,prism_meandiff,-4.3023,-2.7208,1.5815
31,+factuality,true_head,-23.0009,-20.1141,2.8869
31,+helpfulness,prism_meandiff,-4.3023,-3.8407,0.4616
31,+helpfulness,true_head,-23.0009,-23.3617,-0.3608
31,+formatting,prism_meandiff,-4.3023,-7.2052,-2.903
31,+formatting,true_head,-23.0009,-21.17,1.8309
31,-sycophancy,prism_meandiff,-4.3023,-11.2643,-6.962
31,-sycophancy,true_head,-23.0009,-36.8246,-13.8237
31,+length_ctrl,prism_meandiff,-4.3023,-5.1228,-0.8206
31,+length_ctrl,true_head,-23.0009,-23.0595,-0.0586
32,+factuality,prism_meandiff,8.5873,6.9407,-1.6466
32,+factuality,true_head,-4.5202,-4.9975,-0.4772
32,+helpfulness,prism_meandiff,8.5873,10.0139,1.4266
32,+helpfulness,true_head,-4.5202,2.2634,6.7837
32,+formatting,prism_meandiff,8.5873,5.3128,-3.2745
32,+formatting,true_head,-4.5202,-5.7688,-1.2486
32,-sycophancy,prism_meandiff,8.5873,-2.9227,-11.5099
32,-sycophancy,true_head,-4.5202,-21.0871,-16.5668
32,+length_ctrl,prism_meandiff,8.5873,5.5457,-3.0416
32,+length_ctrl,true_head,-4.5202,-5.4651,-0.9448
33,+factuality,prism_meandiff,12.5277,12.038,-0.4897
33,+factuality,true_head,3.8564,3.6383,-0.2181
33,+helpfulness,prism_meandiff,12.5277,10.9541,-1.5736
33,+helpfulness,true_head,3.8564,4.5658,0.7094
33,+formatting,prism_meandiff,12.5277,9.1294,-3.3983
33,+formatting,true_head,3.8564,3.5261,-0.3303
33,-sycophancy,prism_meandiff,12.5277,-5.1668,-17.6945
33,-sycophancy,true_head,3.8564,-24.5048,-28.3611
33,+length_ctrl,prism_meandiff,12.5277,6.4826,-6.0451
33,+length_ctrl,true_head,3.8564,-2.2026,-6.059
34,+factuality,prism_meandiff,5.076,3.3802,-1.6958
34,+factuality,true_head,-12.7806,-16.737,-3.9565
34,+helpfulness,prism_meandiff,5.076,2.4351,-2.6409
34,+helpfulness,true_head,-12.7806,-11.8261,0.9545
34,+formatting,prism_meandiff,5.076,1.4006,-3.6755
34,+formatting,true_head,-12.7806,-10.7624,2.0181
34,-sycophancy,prism_meandiff,5.076,-4.3555,-9.4316
34,-sycophancy,true_head,-12.7806,-22.5416,-9.761
34,+length_ctrl,prism_meandiff,5.076,1.0057,-4.0704
34,+length_ctrl,true_head,-12.7806,-14.6099,-1.8293
35,+factuality,prism_meandiff,4.4854,4.9479,0.4625
35,+factuality,true_head,-14.9686,-14.5294,0.4392
35,+helpfulness,prism_meandiff,4.4854,4.6795,0.1942
35,+helpfulness,true_head,-14.9686,-8.5434,6.4253
35,+formatting,prism_meandiff,4.4854,-0.329,-4.8144
35,+formatting,true_head,-14.9686,-13.0931,1.8756
35,-sycophancy,prism_meandiff,4.4854,1.1652,-3.3201
35,-sycophancy,true_head,-14.9686,-18.1732,-3.2046
35,+length_ctrl,prism_meandiff,4.4854,4.3414,-0.144
35,+length_ctrl,true_head,-14.9686,-9.9712,4.9974
36,+factuality,prism_meandiff,7.5251,7.2427,-0.2824
36,+factuality,true_head,-4.0151,-4.6698,-0.6547
36,+formatting,prism_meandiff,7.5251,1.7773,-5.7478
36,+formatting,true_head,-4.0151,-7.1233,-3.1081
36,-sycophancy,prism_meandiff,7.5251,1.8515,-5.6736
36,-sycophancy,true_head,-4.0151,-12.3862,-8.371
36,+length_ctrl,prism_meandiff,7.5251,3.4215,-4.1036
36,+length_ctrl,true_head,-4.0151,-8.8142,-4.799
37,+factuality,prism_meandiff,-9.8944,-10.2758,-0.3813
37,+factuality,true_head,-27.702,-28.4989,-0.797
37,+helpfulness,prism_meandiff,-9.8944,-7.009,2.8855
37,+helpfulness,true_head,-27.702,-22.7144,4.9876
37,+formatting,prism_meandiff,-9.8944,-9.0429,0.8516
37,+formatting,true_head,-27.702,-25.2299,2.472
37,-sycophancy,prism_meandiff,-9.8944,-11.1199,-1.2255
37,-sycophancy,true_head,-27.702,-30.4518,-2.7498
37,+length_ctrl,prism_meandiff,-9.8944,-8.1977,1.6968
37,+length_ctrl,true_head,-27.702,-25.8116,1.8904
38,+factuality,prism_meandiff,4.4952,8.7856,4.2904
38,+factuality,true_head,-12.8252,-6.6268,6.1984
38,+helpfulness,prism_meandiff,4.4952,4.6534,0.1582
38,+helpfulness,true_head,-12.8252,-15.5285,-2.7033
38,+formatting,prism_meandiff,4.4952,0.1111,-4.3841
38,+formatting,true_head,-12.8252,-15.9409,-3.1158
38,-sycophancy,prism_meandiff,4.4952,-13.9925,-18.4877
38,-sycophancy,true_head,-12.8252,-38.1051,-25.2799
38,+length_ctrl,prism_meandiff,4.4952,-0.35,-4.8452
38,+length_ctrl,true_head,-12.8252,-15.3673,-2.5422
39,+factuality,prism_meandiff,-3.8585,-2.7059,1.1526
39,+factuality,true_head,-25.8533,-28.103,-2.2497
39,+helpfulness,prism_meandiff,-3.8585,-3.4109,0.4476
39,+helpfulness,true_head,-25.8533,-27.6377,-1.7844
39,+formatting,prism_meandiff,-3.8585,-13.9279,-10.0695
39,+formatting,true_head,-25.8533,-33.5833,-7.73
39,-sycophancy,prism_meandiff,-3.8585,-8.3556,-4.4971
39,-sycophancy,true_head,-25.8533,-32.4,-6.5467
39,+length_ctrl,prism_meandiff,-3.8585,-11.1064,-7.2479
39,+length_ctrl,true_head,-25.8533,-36.8603,-11.007
40,+factuality,prism_meandiff,6.3993,7.2495,0.8502
40,+factuality,true_head,-8.4621,-7.4548,1.0074
40,+helpfulness,prism_meandiff,6.3993,7.8934,1.4942
40,+helpfulness,true_head,-8.4621,-4.1825,4.2797
40,+formatting,prism_meandiff,6.3993,1.2456,-5.1537
40,+formatting,true_head,-8.4621,-12.3378,-3.8756
40,-sycophancy,prism_meandiff,6.3993,-0.254,-6.6532
40,-sycophancy,true_head,-8.4621,-16.5402,-8.0781
40,+length_ctrl,prism_meandiff,6.3993,3.1819,-3.2174
40,+length_ctrl,true_head,-8.4621,-10.7221,-2.26
41,+factuality,prism_meandiff,8.8895,7.947,-0.9425
41,+factuality,true_head,-0.6624,2.1551,2.8175
41,+helpfulness,prism_meandiff,8.8895,9.5973,0.7078
41,+helpfulness,true_head,-0.6624,2.0396,2.702
41,+formatting,prism_meandiff,8.8895,5.6571,-3.2324
41,+formatting,true_head,-0.6624,-1.9802,-1.3178
41,-sycophancy,prism_meandiff,8.8895,2.4984,-6.3911
41,-sycophancy,true_head,-0.6624,-11.1096,-10.4472
41,+length_ctrl,prism_meandiff,8.8895,5.8926,-2.9969
41,+length_ctrl,true_head,-0.6624,-2.4926,-1.8302
42,+factuality,prism_meandiff,9.5251,7.3454,-2.1797
42,+factuality,true_head,-1.2733,-1.1787,0.0946
42,+helpfulness,prism_meandiff,9.5251,8.5088,-1.0163
42,+helpfulness,true_head,-1.2733,-0.0001,1.2732
42,+formatting,prism_meandiff,9.5251,1.2528,-8.2723
42,+formatting,true_head,-1.2733,-6.1281,-4.8548
42,-sycophancy,prism_meandiff,9.5251,3.8748,-5.6503
42,-sycophancy,true_head,-1.2733,-9.5075,-8.2342
42,+length_ctrl,prism_meandiff,9.5251,5.8562,-3.6689
42,+length_ctrl,true_head,-1.2733,-3.2262,-1.9529
43,+factuality,prism_meandiff,8.4616,8.0016,-0.4599
43,+factuality,true_head,-2.4112,-2.5505,-0.1393
43,+helpfulness,prism_meandiff,8.4616,5.341,-3.1205
43,+helpfulness,true_head,-2.4112,-4.4562,-2.045
43,+formatting,prism_meandiff,8.4616,4.0426,-4.419
43,+formatting,true_head,-2.4112,-3.6055,-1.1943
43,-sycophancy,prism_meandiff,8.4616,7.0696,-1.392
43,-sycophancy,true_head,-2.4112,-1.4484,0.9629
43,+length_ctrl,prism_meandiff,8.4616,6.9247,-1.5369
43,+length_ctrl,true_head,-2.4112,-0.3999,2.0113
44,+factuality,prism_meandiff,-5.2783,1.8525,7.1309
44,+factuality,true_head,-16.9283,-14.033,2.8953
44,+helpfulness,prism_meandiff,-5.2783,-7.0754,-1.7971
44,+helpfulness,true_head,-16.9283,-30.4715,-13.5432
44,+formatting,prism_meandiff,-5.2783,-9.9626,-4.6843
44,+formatting,true_head,-16.9283,-22.6177,-5.6894
44,-sycophancy,prism_meandiff,-5.2783,-10.6486,-5.3702
44,-sycophancy,true_head,-16.9283,-29.4541,-12.5258
44,+length_ctrl,prism_meandiff,-5.2783,-5.426,-0.1476
44,+length_ctrl,true_head,-16.9283,-20.7847,-3.8564
45,+factuality,prism_meandiff,1.9717,6.5111,4.5394
45,+factuality,true_head,-6.2926,-0.1237,6.1689
45,+helpfulness,prism_meandiff,1.9717,5.3825,3.4108
45,+helpfulness,true_head,-6.2926,-1.0709,5.2217
45,+formatting,prism_meandiff,1.9717,-1.4174,-3.3891
45,+formatting,true_head,-6.2926,-7.9742,-1.6816
45,-sycophancy,prism_meandiff,1.9717,0.2993,-1.6724
45,-sycophancy,true_head,-6.2926,-8.1144,-1.8218
45,+length_ctrl,prism_meandiff,1.9717,2.3394,0.3677
45,+length_ctrl,true_head,-6.2926,-6.4867,-0.1941
46,+factuality,prism_meandiff,7.6782,4.781,-2.8972
46,+factuality,true_head,2.5451,-3.767,-6.3121
46,+helpfulness,prism_meandiff,7.6782,9.3669,1.6887
46,+helpfulness,true_head,2.5451,7.2404,4.6953
46,+formatting,prism_meandiff,7.6782,3.9509,-3.7273
46,+formatting,true_head,2.5451,0.8061,-1.739
46,-sycophancy,prism_meandiff,7.6782,5.4874,-2.1908
46,-sycophancy,true_head,2.5451,0.0197,-2.5254
46,+length_ctrl,prism_meandiff,7.6782,7.5814,-0.0968
46,+length_ctrl,true_head,2.5451,3.3579,0.8129
47,+factuality,prism_meandiff,3.9088,3.9537,0.045
47,+factuality,true_head,-4.7738,-5.6244,-0.8506
47,+helpfulness,prism_meandiff,3.9088,1.7778,-2.1309
47,+helpfulness,true_head,-4.7738,-7.2631,-2.4893
47,+formatting,prism_meandiff,3.9088,2.2079,-1.7009
47,+formatting,true_head,-4.7738,-5.3494,-0.5757
47,-sycophancy,prism_meandiff,3.9088,2.8864,-1.0224
47,-sycophancy,true_head,-4.7738,-5.5538,-0.78
47,+length_ctrl,prism_meandiff,3.9088,4.7099,0.8011
47,+length_ctrl,true_head,-4.7738,-3.3688,1.405
48,+factuality,prism_meandiff,1.4892,4.8041,3.3149
48,+factuality,true_head,-13.4708,-9.1426,4.3281
48,+helpfulness,prism_meandiff,1.4892,7.9916,6.5024
48,+helpfulness,true_head,-13.4708,-1.9234,11.5474
48,+formatting,prism_meandiff,1.4892,-3.0627,-4.5519
48,+formatting,true_head,-13.4708,-13.8624,-0.3916
48,-sycophancy,prism_meandiff,1.4892,3.6198,2.1306
48,-sycophancy,true_head,-13.4708,-8.9674,4.5033
48,+length_ctrl,prism_meandiff,1.4892,1.201,-0.2882
48,+length_ctrl,true_head,-13.4708,-12.5911,0.8797
49,+factuality,prism_meandiff,6.7102,6.9404,0.2303
49,+factuality,true_head,-4.4424,-4.5302,-0.0878
49,+helpfulness,prism_meandiff,6.7102,5.5571,-1.153
49,+helpfulness,true_head,-4.4424,-2.9177,1.5248
49,+formatting,prism_meandiff,6.7102,0.3206,-6.3896
49,+formatting,true_head,-4.4424,-8.4293,-3.9869
49,-sycophancy,prism_meandiff,6.7102,2.0752,-4.635
49,-sycophancy,true_head,-4.4424,-9.4171,-4.9747
49,+length_ctrl,prism_meandiff,6.7102,6.6693,-0.0408
49,+length_ctrl,true_head,-4.4424,-2.912,1.5304
50,+factuality,prism_meandiff,4.4854,6.5946,2.1092
50,+factuality,true_head,-9.1398,-3.9225,5.2173
50,+helpfulness,prism_meandiff,4.4854,6.4242,1.9388
50,+helpfulness,true_head,-9.1398,-5.5724,3.5674
50,+formatting,prism_meandiff,4.4854,0.0627,-4.4227
50,+formatting,true_head,-9.1398,-10.0496,-0.9097
50,-sycophancy,prism_meandiff,4.4854,0.4106,-4.0748
50,-sycophancy,true_head,-9.1398,-13.4287,-4.2889
50,+length_ctrl,prism_meandiff,4.4854,3.2244,-1.2609
50,+length_ctrl,true_head,-9.1398,-10.194,-1.0541
51,+factuality,prism_meandiff,2.8516,2.532,-0.3196
51,+factuality,true_head,-5.4382,-5.7353,-0.2971
51,+helpfulness,prism_meandiff,2.8516,3.0388,0.1873
51,+helpfulness,true_head,-5.4382,-4.2239,1.2144
51,+formatting,prism_meandiff,2.8516,-0.2891,-3.1407
51,+formatting,true_head,-5.4382,-7.5957,-2.1575
51,-sycophancy,prism_meandiff,2.8516,-0.1271,-2.9787
51,-sycophancy,true_head,-5.4382,-10.5733,-5.1351
51,+length_ctrl,prism_meandiff,2.8516,3.3437,0.4922
51,+length_ctrl,true_head,-5.4382,-4.7786,0.6597
52,+factuality,prism_meandiff,6.1968,6.1444,-0.0525
52,+factuality,true_head,-2.4694,-2.7281,-0.2587
52,+helpfulness,prism_meandiff,6.1968,7.0399,0.8431
52,+helpfulness,true_head,-2.4694,2.0309,4.5003
52,+formatting,prism_meandiff,6.1968,0.8712,-5.3256
52,+formatting,true_head,-2.4694,-3.6981,-1.2287
52,-sycophancy,prism_meandiff,6.1968,2.2419,-3.9549
52,-sycophancy,true_head,-2.4694,-8.8037,-6.3343
52,+length_ctrl,prism_meandiff,6.1968,8.2428,2.0459
52,+length_ctrl,true_head,-2.4694,2.005,4.4744
53,+factuality,prism_meandiff,7.2991,9.8585,2.5593
53,+factuality,true_head,-11.3461,-7.3693,3.9768
53,+helpfulness,prism_meandiff,7.2991,10.5272,3.228
53,+helpfulness,true_head,-11.3461,-5.0124,6.3337
53,+formatting,prism_meandiff,7.2991,-1.0189,-8.3181
53,+formatting,true_head,-11.3461,-16.9211,-5.575
53,-sycophancy,prism_meandiff,7.2991,-3.8474,-11.1465
53,-sycophancy,true_head,-11.3461,-25.5474,-14.2013
53,+length_ctrl,prism_meandiff,7.2991,3.2589,-4.0403
53,+length_ctrl,true_head,-11.3461,-16.6152,-5.2691
54,+factuality,prism_meandiff,9.8839,8.058,-1.8259
54,+factuality,true_head,-2.9045,-4.4382,-1.5337
54,+helpfulness,prism_meandiff,9.8839,8.9635,-0.9204
54,+helpfulness,true_head,-2.9045,-3.8434,-0.9389
54,+formatting,prism_meandiff,9.8839,0.3859,-9.498
54,+formatting,true_head,-2.9045,-9.812,-6.9075
54,-sycophancy,prism_meandiff,9.8839,-8.3135,-18.1974
54,-sycophancy,true_head,-2.9045,-34.1848,-31.2803
54,+length_ctrl,prism_meandiff,9.8839,5.8002,-4.0837
54,+length_ctrl,true_head,-2.9045,-7.8034,-4.8989
55,+factuality,prism_meandiff,12.2576,11.3798,-0.8778
55,+factuality,true_head,3.2169,1.7287,-1.4882
55,+helpfulness,prism_meandiff,12.2576,13.1666,0.909
55,+helpfulness,true_head,3.2169,3.221,0.0041
55,+formatting,prism_meandiff,12.2576,5.8915,-6.3661
55,+formatting,true_head,3.2169,-2.2594,-5.4764
55,-sycophancy,prism_meandiff,12.2576,-5.1312,-17.3889
55,-sycophancy,true_head,3.2169,-29.9275,-33.1444
55,+length_ctrl,prism_meandiff,12.2576,8.227,-4.0307
55,+length_ctrl,true_head,3.2169,-2.3353,-5.5522
56,+factuality,prism_meandiff,-8.3245,-6.4564,1.8682
56,+factuality,true_head,-26.2133,-23.458,2.7553
56,+helpfulness,prism_meandiff,-8.3245,-5.1801,3.1445
56,+helpfulness,true_head,-26.2133,-21.3466,4.8667
56,+formatting,prism_meandiff,-8.3245,-12.5555,-4.2309
56,+formatting,true_head,-26.2133,-28.5759,-2.3626
56,-sycophancy,prism_meandiff,-8.3245,-12.5898,-4.2652
56,-sycophancy,true_head,-26.2133,-35.9468,-9.7335
56,+length_ctrl,prism_meandiff,-8.3245,-7.5217,0.8029
56,+length_ctrl,true_head,-26.2133,-25.0419,1.1714
57,+factuality,prism_meandiff,3.3589,2.6192,-0.7397
57,+factuality,true_head,-13.0417,-13.3005,-0.2587
57,+helpfulness,prism_meandiff,3.3589,2.1882,-1.1707
57,+helpfulness,true_head,-13.0417,-13.1831,-0.1414
57,+formatting,prism_meandiff,3.3589,0.5114,-2.8475
57,+formatting,true_head,-13.0417,-14.0613,-1.0196
57,-sycophancy,prism_meandiff,3.3589,-2.5774,-5.9362
57,-sycophancy,true_head,-13.0417,-23.4889,-10.4471
57,+length_ctrl,prism_meandiff,3.3589,4.015,0.6561
57,+length_ctrl,true_head,-13.0417,-10.8795,2.1622
58,+factuality,prism_meandiff,-1.9498,-1.9498,0.0
58,+factuality,true_head,-17.7685,-17.7685,0.0
58,+helpfulness,prism_meandiff,-1.9498,0.4294,2.3792
58,+helpfulness,true_head,-17.7685,-14.8532,2.9153
58,+formatting,prism_meandiff,-1.9498,-6.5475,-4.5977
58,+formatting,true_head,-17.7685,-19.8518,-2.0833
58,-sycophancy,prism_meandiff,-1.9498,-8.3168,-6.367
58,-sycophancy,true_head,-17.7685,-27.7215,-9.953
58,+length_ctrl,prism_meandiff,-1.9498,-0.973,0.9768
58,+length_ctrl,true_head,-17.7685,-16.4224,1.3461
59,+factuality,prism_meandiff,5.4753,5.3202,-0.1551
59,+factuality,true_head,-5.9884,-5.585,0.4034
59,+helpfulness,prism_meandiff,5.4753,5.9954,0.5201
59,+helpfulness,true_head,-5.9884,-3.9999,1.9885
59,+formatting,prism_meandiff,5.4753,3.2012,-2.2741
59,+formatting,true_head,-5.9884,-5.4404,0.548
59,-sycophancy,prism_meandiff,5.4753,0.7857,-4.6897
59,-sycophancy,true_head,-5.9884,-12.3117,-6.3233
59,+length_ctrl,prism_meandiff,5.4753,5.9423,0.467
59,+length_ctrl,true_head,-5.9884,-3.707,2.2814
